-- phpMyAdmin SQL Dump
-- version 5.0.4
-- https://www.phpmyadmin.net/
--
-- Máy chủ: 127.0.0.1
-- Thời gian đã tạo: Th2 25, 2021 lúc 04:50 AM
-- Phiên bản máy phục vụ: 10.4.17-MariaDB
-- Phiên bản PHP: 8.0.1

SET SQL_MODE = "NO_AUTO_VALUE_ON_ZERO";
START TRANSACTION;
SET time_zone = "+00:00";


/*!40101 SET @OLD_CHARACTER_SET_CLIENT=@@CHARACTER_SET_CLIENT */;
/*!40101 SET @OLD_CHARACTER_SET_RESULTS=@@CHARACTER_SET_RESULTS */;
/*!40101 SET @OLD_COLLATION_CONNECTION=@@COLLATION_CONNECTION */;
/*!40101 SET NAMES utf8mb4 */;

--
-- Cơ sở dữ liệu: `php2`
--

-- --------------------------------------------------------

--
-- Cấu trúc bảng cho bảng `blog`
--

CREATE TABLE `blog` (
  `id` int(11) NOT NULL,
  `name` mediumtext NOT NULL,
  `detail` mediumtext NOT NULL,
  `description` mediumtext NOT NULL,
  `created_at` timestamp NOT NULL DEFAULT current_timestamp(),
  `updated_at` timestamp NOT NULL DEFAULT current_timestamp()
) ENGINE=InnoDB DEFAULT CHARSET=utf8mb4;

-- --------------------------------------------------------

--
-- Cấu trúc bảng cho bảng `buy`
--

CREATE TABLE `buy` (
  `id` int(11) NOT NULL,
  `id-user` int(11) NOT NULL,
  `id-product` int(11) NOT NULL
) ENGINE=InnoDB DEFAULT CHARSET=utf8mb4;

-- --------------------------------------------------------

--
-- Cấu trúc bảng cho bảng `categories`
--

CREATE TABLE `categories` (
  `id` int(11) NOT NULL,
  `age` int(11) NOT NULL,
  `updated_at` timestamp NOT NULL DEFAULT current_timestamp(),
  `created_at` mediumtext DEFAULT NULL
) ENGINE=InnoDB DEFAULT CHARSET=utf8mb4;

--
-- Đang đổ dữ liệu cho bảng `categories`
--

INSERT INTO `categories` (`id`, `age`, `updated_at`, `created_at`) VALUES
(4, 1981, '2021-02-19 02:43:52', '2021-02-05 21:49:43'),
(6, 1982, '2021-02-19 02:43:58', '2021-02-05 21:51:42'),
(7, 1983, '2021-02-19 02:44:04', '2021-02-05 21:53:51'),
(11, 1984, '2021-02-19 02:44:11', '2021-02-17 19:26:02'),
(12, 1985, '2021-02-24 13:06:28', '2021-02-17 19:26:18'),
(13, 1986, '2021-02-19 02:44:34', '2021-02-17 19:26:26'),
(14, 1987, '2021-02-19 02:44:41', '2021-02-17 19:26:32'),
(15, 1988, '2021-02-19 02:44:48', '2021-02-17 19:26:55'),
(16, 1989, '2021-02-19 08:45:44', 'urrent_timestamp('),
(17, 1990, '2021-02-19 08:46:18', ''),
(18, 1991, '2021-02-19 08:47:31', '2021-02-19 15:47:31'),
(19, 1992, '2021-02-19 08:48:35', NULL),
(20, 1993, '2021-02-19 08:48:35', NULL),
(21, 1994, '2021-02-19 08:48:35', NULL),
(22, 1995, '2021-02-19 08:48:35', NULL),
(23, 1996, '2021-02-19 08:50:01', NULL),
(24, 1997, '2021-02-19 08:50:01', NULL),
(25, 1998, '2021-02-19 08:50:01', NULL),
(26, 1999, '2021-02-19 08:50:01', NULL),
(27, 2000, '2021-02-19 08:50:01', NULL),
(28, 2002, '2021-02-19 08:50:01', NULL),
(29, 2003, '2021-02-19 08:50:01', NULL),
(31, 2001, '2021-02-19 05:20:34', '2021-02-19 12:20:34');

-- --------------------------------------------------------

--
-- Cấu trúc bảng cho bảng `hometown`
--

CREATE TABLE `hometown` (
  `id` int(11) NOT NULL,
  `name` varchar(225) NOT NULL
) ENGINE=InnoDB DEFAULT CHARSET=utf8mb4;

--
-- Đang đổ dữ liệu cho bảng `hometown`
--

INSERT INTO `hometown` (`id`, `name`) VALUES
(1, 'An Giang'),
(2, 'Bà Rịa - Vũng Tàu'),
(3, 'Bắc Giang'),
(4, 'Bắc Kạn'),
(5, 'Bạc Liêu'),
(6, 'Bắc Ninh'),
(7, 'Bến Tre'),
(8, 'Bình Định'),
(9, 'Bình Dương'),
(10, 'Bình Phước'),
(11, 'Bình Thuận'),
(12, 'Cà Mau'),
(13, 'Cao Bằng'),
(14, 'Đắk Lắk'),
(15, 'Đắk Nông'),
(16, 'Điện Biên'),
(17, 'Đồng Nai'),
(18, 'Đồng Tháp'),
(19, 'Gia Lai'),
(20, 'Hà Giang	'),
(21, 'Hà Nam'),
(22, 'Hà Tĩnh'),
(23, 'Hải Dương'),
(24, 'Hậu Giang'),
(25, 'Hòa Bình'),
(26, 'Hưng Yên'),
(27, 'Khánh Hòa'),
(28, 'Kiên Giang'),
(29, 'Kon Tum'),
(30, 'Lai Châu'),
(31, 'Lâm Đồng'),
(32, 'Lạng Sơn'),
(33, 'Lào Cai'),
(34, 'Long An'),
(35, 'Nam Định'),
(36, 'Nghệ An'),
(37, 'Ninh Bình'),
(38, 'Ninh Thuận'),
(39, 'Phú Thọ'),
(40, 'Quảng Bình'),
(41, 'Quảng Nam'),
(42, 'Quảng Ngãi'),
(43, 'Quảng Ninh'),
(44, 'Quảng Trị'),
(45, 'Sóc Trăng'),
(46, 'Sơn La'),
(47, 'Tây Ninh'),
(48, 'Thái Bình'),
(49, 'Thái Nguyên'),
(50, 'Thanh Hóa'),
(51, 'Thừa Thiên Huế'),
(52, 'Tiền Giang'),
(53, 'Trà Vinh'),
(54, 'Tuyên Quang'),
(55, 'Vĩnh Long'),
(56, 'Vĩnh Phúc'),
(57, 'Yên Bái'),
(58, 'Phú Yên'),
(59, 'Cần Thơ'),
(60, 'Đà Nẵng'),
(61, 'Hải Phòng'),
(62, 'Hà Nội'),
(63, 'TP HCM');

-- --------------------------------------------------------

--
-- Cấu trúc bảng cho bảng `images`
--

CREATE TABLE `images` (
  `id` int(11) NOT NULL,
  `name` varchar(225) NOT NULL,
  `id_pro` int(11) NOT NULL
) ENGINE=InnoDB DEFAULT CHARSET=utf8mb4;

--
-- Đang đổ dữ liệu cho bảng `images`
--

INSERT INTO `images` (`id`, `name`, `id_pro`) VALUES
(4, 'description/602d6089cbabc--602d6089cbabe--05bd2aef26b457b6824cdc60bd37ede0.jpg', 72),
(5, 'description/602d6089d92e7--602d6089d92ea--7b4c91e478cfabc9dba0069525460792.jpg', 72),
(6, 'description/602d6089e8788--602d6089e878b--9d31b347f4b0adc556ef7bc305491687.jpg', 72),
(7, 'description/602d613aa7596--602d613aa7597--28d470fb66443e80c5fc6097ac468051.jpg', 73),
(8, 'description/602d613ab7482--602d613ab7486--55defa4545b2d776a798da41e94f392d.jpg', 73),
(9, 'description/602d613ad00dc--602d613ad00df--147b0f5e113c8519153263b48e60522f.jpg', 73),
(10, 'description/602d617c7739b--602d617c7739d--207a949290770514e1078b038b9e6cfd.jpg', 74),
(11, 'description/602d617c7f738--602d617c7f73b--225ecd17870f0103c052459d24f9ce3c.jpg', 74),
(12, 'description/602d617c8f9f0--602d617c8f9f3--270d420c48229ca09c0672a0a46faa0f.jpg', 74),
(13, 'description/602d61c6e7a48--602d61c6e7a4a--420c9f1f29d19108aaa277daddb75e52.jpg', 75),
(14, 'description/602d61c6f365e--602d61c6f3661--612caa3b39f7ef826f964e52fdaa13c8.jpg', 75),
(15, 'description/602d61c70e748--602d61c70e74b--1988fd2a8cf582f5e9f068184c052eff.jpg', 75),
(16, 'description/602d62307c788--602d62307c78a--9d31b347f4b0adc556ef7bc305491687.jpg', 76),
(17, 'description/602d623084b01--602d623084b04--28d470fb66443e80c5fc6097ac468051.jpg', 76),
(18, 'description/602d62308a017--602d62308a01a--55defa4545b2d776a798da41e94f392d.jpg', 76),
(19, 'description/602d62ef16a61--602d62ef16a63--1e8af925b4be7afdad217abadc290f1a.jpg', 81),
(20, 'description/602d62ef20220--602d62ef20223--1ef0bd2f73c41aefd6c8337b3b7a2c65.jpg', 81),
(21, 'description/602d62ef25aa0--602d62ef25aa3--2af485a4949cac68ab51a25061627817.jpg', 81),
(22, 'description/602d633a8dd5d--602d633a8dd5f--9d31b347f4b0adc556ef7bc305491687.jpg', 82),
(23, 'description/602d633a931c5--602d633a931c8--147b0f5e113c8519153263b48e60522f.jpg', 82),
(24, 'description/602d633a98ac6--602d633a98ac9--403652deed29662324d708aeb0aa940e.jpg', 82),
(25, 'description/602d637fa4850--602d637fa4853--2af485a4949cac68ab51a25061627817.jpg', 84),
(26, 'description/602d637fb33a9--602d637fb33ac--2fb01126cde4fa7b4d4f5c209c7cb0a3.jpg', 84),
(27, 'description/602d637fc5122--602d637fc5125--3a649d87a798f2a6010a1031947b229c.jpg', 84),
(34, 'description/602f78600bdcd--602f78600bdd1--3951e88b8903670a02dd2b8ec0e9b3c8.jpg', 70),
(35, 'description/602f7860114fb--602f7860114fe--67364f3cda0e5d2090ac6eb6906ac0b7.jpg', 70),
(36, 'description/602f786019556--602f786019558--403652deed29662324d708aeb0aa940e.jpg', 70),
(37, 'description/602f805122e62--602f805122e64--612caa3b39f7ef826f964e52fdaa13c8.jpg', 85),
(38, 'description/602f8051286a5--602f8051286a8--1988fd2a8cf582f5e9f068184c052eff.jpg', 85),
(39, 'description/602f80512db67--602f80512db69--3951e88b8903670a02dd2b8ec0e9b3c8.jpg', 85),
(40, 'description/602f80cc894ba--602f80cc894bc--05bd2aef26b457b6824cdc60bd37ede0.jpg', 86),
(41, 'description/602f80cc911e1--602f80cc911e4--7b4c91e478cfabc9dba0069525460792.jpg', 86),
(42, 'description/602f80cc984cd--602f80cc984d0--420c9f1f29d19108aaa277daddb75e52.jpg', 86),
(43, 'description/602f810c7f474--602f810c7f476--2fb01126cde4fa7b4d4f5c209c7cb0a3.jpg', 87),
(44, 'description/602f810c87257--602f810c8725a--9d31b347f4b0adc556ef7bc305491687.jpg', 87),
(45, 'description/602f810c89ff2--602f810c89ff5--225ecd17870f0103c052459d24f9ce3c.jpg', 87),
(46, 'description/602f8148444b2--602f8148444b4--207a949290770514e1078b038b9e6cfd.jpg', 88),
(47, 'description/602f8148498df--602f8148498e2--420c9f1f29d19108aaa277daddb75e52.jpg', 88),
(48, 'description/602f81484c659--602f81484c65b--67364f3cda0e5d2090ac6eb6906ac0b7.jpg', 88),
(49, 'description/602f81c0e61bd--602f81c0e61bf--9d31b347f4b0adc556ef7bc305491687.jpg', 89),
(50, 'description/602f81c0eb748--602f81c0eb74b--28d470fb66443e80c5fc6097ac468051.jpg', 89),
(51, 'description/602f81c0f0c3f--602f81c0f0c42--55defa4545b2d776a798da41e94f392d.jpg', 89),
(52, 'description/602f81fee43e5--602f81fee43e7--1a00b2964aac64825391f5fab2699eae.jpg', 90),
(53, 'description/602f81fee99c3--602f81fee99c6--9d31b347f4b0adc556ef7bc305491687.jpg', 90),
(54, 'description/602f81feec37e--602f81feec381--28d470fb66443e80c5fc6097ac468051.jpg', 90),
(55, 'description/602f8246b4671--602f8246b4673--1e8af925b4be7afdad217abadc290f1a.jpg', 91),
(56, 'description/602f8246b9a7b--602f8246b9a7e--7b4c91e478cfabc9dba0069525460792.jpg', 91),
(57, 'description/602f8246c6383--602f8246c6386--a2e538e035557957e65069fa4e99c6aa.jpg', 91),
(58, 'description/602f8281d7838--602f8281d783a--9d31b347f4b0adc556ef7bc305491687.jpg', 92),
(59, 'description/602f8281e07ac--602f8281e07af--55defa4545b2d776a798da41e94f392d.jpg', 92),
(60, 'description/602f8281e3576--602f8281e3578--67364f3cda0e5d2090ac6eb6906ac0b7.jpg', 92),
(61, 'description/602f836dcb97a--602f836dcb97c--55defa4545b2d776a798da41e94f392d.jpg', 93),
(62, 'description/602f836de170c--602f836de170f--225ecd17870f0103c052459d24f9ce3c.jpg', 93),
(63, 'description/602f836dec003--602f836dec006--b19e71c84444709795ac41a3b76001d6.jpg', 93),
(64, 'description/602f84fd5e587--602f84fd5e589--2fb01126cde4fa7b4d4f5c209c7cb0a3.jpg', 94),
(65, 'description/602f84fd64723--602f84fd64726--3a649d87a798f2a6010a1031947b229c.jpg', 94),
(66, 'description/602f84fd7225e--602f84fd72261--3e31862cc90170f263ab782c6d261d88.jpg', 94),
(67, 'description/602f855763310--602f855763313--9d31b347f4b0adc556ef7bc305491687.jpg', 95),
(68, 'description/602f85576b2ad--602f85576b2b0--420c9f1f29d19108aaa277daddb75e52.jpg', 95),
(69, 'description/602f85576dfed--602f85576dff0--1988fd2a8cf582f5e9f068184c052eff.jpg', 95),
(70, 'description/602f858c38a11--602f858c38a13--2fb01126cde4fa7b4d4f5c209c7cb0a3.jpg', 96),
(71, 'description/602f858c4080e--602f858c40811--55defa4545b2d776a798da41e94f392d.jpg', 96),
(72, 'description/602f858c48c37--602f858c48c3a--1988fd2a8cf582f5e9f068184c052eff.jpg', 96),
(73, 'description/602f85bce6d76--602f85bce6d78--la-thanh-thanh-54541.jpg', 97),
(74, 'description/602f85bcec320--602f85bcec323--nguyen-minh-tu-445430.jpg', 97),
(75, 'description/602f85bcf185e--602f85bcf1861--vo-hoang-yen-445423.jpg', 97),
(76, 'description/602f9ee947e87--602f9ee947e89--794b7655_1024_4cfe_9fd2_6e1370d70d83_pvnu.jpeg', 98),
(77, 'description/602f9ee9548f3--602f9ee9548f6--4072d407_80e9_4b99_a02b_b2685dcebe01_vzsd.jpeg', 98),
(78, 'description/602f9ee957688--602f9ee95768b--9350debb_12b5_4942_9205_0993637d0332_lheu.jpeg', 98),
(79, 'description/602f9ee959fe1--602f9ee959fe4--fe642c79_9531_49ec_a984_44c1fe4dd249_dfan.jpeg', 98),
(89, 'description/602fa0e423d91--602fa0e423d93--tranthiyen_nzzu.jpg', 99),
(90, 'description/602fa0e43feae--602fa0e43feb0--tranthiyen3_xlin.jpg', 99),
(91, 'description/602fa0e44e272--602fa0e44e275--tranthiyen4_ygoa.jpg', 99),
(92, 'description/602fa0e456325--602fa0e456328--tranthiyen25_bphm.jpg', 99),
(99, 'description/602fa3cb483e0--602fa3cb483e2--hoa-hau-1596176370781570437903.png', 100),
(100, 'description/602fa3cb65e40--602fa3cb65e42--hoa-hau-viet-nam-4-15961744526981478602735.jpg', 100),
(101, 'description/602fa3cb6b6de--602fa3cb6b6e0--hoa-hau-viet-nam-6-1596175039126574127812.jpg', 100),
(102, 'description/602fa3cb70c34--602fa3cb70c37--hoa-hau-viet-nam-7-1596175437895430093879.jpg', 100),
(103, 'description/602fa62432dfd--602fa62432e00--Pham-Huong-1.jpg', 101),
(104, 'description/602fa6243ab71--602fa6243ab74--Pham-Huong-2 (1).jpg', 101),
(105, 'description/602fa624404f7--602fa624404fa--Pham-Huong-2.jpg', 101),
(106, 'description/602fa6244593e--602fa62445941--Pham-Huong-4.jpg', 101),
(109, 'description/6036c24d092ba--6036c24d092bc--9d31b347f4b0adc556ef7bc305491687.jpg', 71),
(110, 'description/6036c24d0ea9e--6036c24d0eaa0--28d470fb66443e80c5fc6097ac468051.jpg', 71),
(111, 'description/6036c24d1e714--6036c24d1e716--55defa4545b2d776a798da41e94f392d.jpg', 71),
(112, 'description/6036c24d31c6d--6036c24d31c6f--147b0f5e113c8519153263b48e60522f.jpg', 71);

-- --------------------------------------------------------

--
-- Cấu trúc bảng cho bảng `order`
--

CREATE TABLE `order` (
  `id` int(11) NOT NULL,
  `id-user` int(11) NOT NULL,
  `date` timestamp NOT NULL DEFAULT current_timestamp() ON UPDATE current_timestamp()
) ENGINE=InnoDB DEFAULT CHARSET=utf8mb4;

-- --------------------------------------------------------

--
-- Cấu trúc bảng cho bảng `order-detail`
--

CREATE TABLE `order-detail` (
  `id` int(11) NOT NULL,
  `quantity` int(11) NOT NULL,
  `total_momney` float NOT NULL,
  `id_pro` int(11) NOT NULL,
  `price` int(11) NOT NULL,
  `order_id` int(11) NOT NULL
) ENGINE=InnoDB DEFAULT CHARSET=utf8mb4;

-- --------------------------------------------------------

--
-- Cấu trúc bảng cho bảng `products`
--

CREATE TABLE `products` (
  `id` int(11) NOT NULL,
  `name` varchar(225) NOT NULL,
  `images` varchar(255) NOT NULL,
  `height` float NOT NULL,
  `description` mediumtext NOT NULL,
  `price` float NOT NULL,
  `status` int(11) NOT NULL,
  `created_at` timestamp NULL DEFAULT NULL,
  `updated_at` timestamp NULL DEFAULT NULL,
  `id_cate` int(11) NOT NULL,
  `id_hometown` int(11) NOT NULL
) ENGINE=InnoDB DEFAULT CHARSET=utf8mb4;

--
-- Đang đổ dữ liệu cho bảng `products`
--

INSERT INTO `products` (`id`, `name`, `images`, `height`, `description`, `price`, `status`, `created_at`, `updated_at`, `id_cate`, `id_hometown`) VALUES
(70, 'Kaity Nguyễn', 'product/602d5edc7f2c6--602d5edc7f2c8--0afe449e44937249dfe1e93e9391ba38.jpg', 180, '<ul style=\"box-sizing: border-box; text-rendering: geometricprecision; outline: 0px; -webkit-font-smoothing: antialiased; margin: 0px 0px 0px 20px; padding: 0px; border: 0px; font-size: 17.6px; vertical-align: baseline; background: #ffffff; text-size-adjust: 100%; list-style: inherit; color: #333333; font-family: Roboto, sans-serif;\">\r\n<li style=\"box-sizing: border-box; text-rendering: geometricprecision; outline: 0px; -webkit-font-smoothing: antialiased; margin: 0px 0px 0.7em; padding: 0px 20px 0px 10px; border: 0px; font-size: 1em; vertical-align: baseline; background: transparent; text-size-adjust: 100%; line-height: 1.4; color: #444444; font-style: italic;\">\r\n<p style=\"box-sizing: border-box; text-rendering: geometricprecision; outline: 0px; -webkit-font-smoothing: antialiased; margin: 0px 0px 1em; padding: 0px; border: 0px; font-size: 1em; vertical-align: baseline; background: transparent; text-size-adjust: 100%; line-height: 1.5; text-align: justify;\">T&ecirc;n thật: Nguyễn Ngọc B&igrave;nh An, 24 tuổi, sinh ra ở Mỹ, hiện sống tại TP.HCM</p>\r\n</li>\r\n<li style=\"box-sizing: border-box; text-rendering: geometricprecision; outline: 0px; -webkit-font-smoothing: antialiased; margin: 0px 0px 0.7em; padding: 0px 20px 0px 10px; border: 0px; font-size: 1em; vertical-align: baseline; background: transparent; text-size-adjust: 100%; line-height: 1.4; color: #444444; font-style: italic;\">\r\n<p style=\"box-sizing: border-box; text-rendering: geometricprecision; outline: 0px; -webkit-font-smoothing: antialiased; margin: 0px 0px 1em; padding: 0px; border: 0px; font-size: 1em; vertical-align: baseline; background: transparent; text-size-adjust: 100%; line-height: 1.5; text-align: justify;\">Beauty blogger, diễn vi&ecirc;n</p>\r\n</li>\r\n<li style=\"box-sizing: border-box; text-rendering: geometricprecision; outline: 0px; -webkit-font-smoothing: antialiased; margin: 0px 0px 0.7em; padding: 0px 20px 0px 10px; border: 0px; font-size: 1em; vertical-align: baseline; background: transparent; text-size-adjust: 100%; line-height: 1.4; color: #444444; font-style: italic;\">\r\n<p style=\"box-sizing: border-box; text-rendering: geometricprecision; outline: 0px; -webkit-font-smoothing: antialiased; margin: 0px 0px 1em; padding: 0px; border: 0px; font-size: 1em; vertical-align: baseline; background: transparent; text-size-adjust: 100%; line-height: 1.5; text-align: justify;\">Nổi tiếng sau vai ch&iacute;nh phim điện ảnh \"Em chưa 18\"</p>\r\n</li>\r\n<li style=\"box-sizing: border-box; text-rendering: geometricprecision; outline: 0px; -webkit-font-smoothing: antialiased; margin: 0px 0px 0.7em; padding: 0px 20px 0px 10px; border: 0px; font-size: 1em; vertical-align: baseline; background: transparent; text-size-adjust: 100%; line-height: 1.4; color: #444444; font-style: italic;\"><span style=\"box-sizing: border-box; text-rendering: geometricprecision; outline: 0px; -webkit-font-smoothing: antialiased; margin: 0px; padding: 0px; border: 0px; vertical-align: baseline; background: transparent; text-size-adjust: 100%; font-family: sans-serif; color: #555555;\">Dẫn loạt chương tr&igrave;nh giới thiệu về du lịch, ẩm thực của KOCIS H&agrave;n Quốc, Đ&agrave;i truyền h&igrave;nh Arirang</span></li>\r\n<li style=\"box-sizing: border-box; text-rendering: geometricprecision; outline: 0px; -webkit-font-smoothing: antialiased; margin: 0px 0px 0.7em; padding: 0px 20px 0px 10px; border: 0px; font-size: 1em; vertical-align: baseline; background: transparent; text-size-adjust: 100%; line-height: 1.4; color: #444444; font-style: italic;\"><span style=\"box-sizing: border-box; text-rendering: geometricprecision; outline: 0px; -webkit-font-smoothing: antialiased; margin: 0px; padding: 0px; border: 0px; vertical-align: baseline; background: transparent; text-size-adjust: 100%; font-family: sans-serif; color: #555555;\">Kh&aacute;ch mời trong Ng&agrave;y Việt Nam, sự kiện kỷ niệm quan hệ hữu nghị Việt - H&agrave;n, được tổ chức tại tỉnh Gangwon-do, H&agrave;n Quốc v&agrave;o th&aacute;ng 2/2018</span></li>\r\n<li style=\"box-sizing: border-box; text-rendering: geometricprecision; outline: 0px; -webkit-font-smoothing: antialiased; margin: 0px 0px 0.7em; padding: 0px 20px 0px 10px; border: 0px; font-size: 1em; vertical-align: baseline; background: transparent; text-size-adjust: 100%; line-height: 1.4; color: #444444; font-style: italic;\">&nbsp;</li>\r\n<li style=\"box-sizing: border-box; text-rendering: geometricprecision; outline: 0px; -webkit-font-smoothing: antialiased; margin: 0px 0px 0.7em; padding: 0px 20px 0px 10px; border: 0px; font-size: 1em; vertical-align: baseline; background: transparent; text-size-adjust: 100%; line-height: 1.4; color: #444444; font-style: italic;\"><span style=\"box-sizing: border-box; text-rendering: geometricprecision; outline: 0px; -webkit-font-smoothing: antialiased; margin: 0px; padding: 0px; border: 0px; vertical-align: baseline; background: transparent; text-size-adjust: 100%; font-family: sans-serif; color: #555555;\">&nbsp; &nbsp; &nbsp; &nbsp; &nbsp; &nbsp; &nbsp; &nbsp; &nbsp; &nbsp; &nbsp; &nbsp; &nbsp; &nbsp; &nbsp; &nbsp; &nbsp; &nbsp; &nbsp; &nbsp; &nbsp; &nbsp; &nbsp; &nbsp; &nbsp; &nbsp; &nbsp;<img src=\"https://i.pinimg.com/236x/22/5e/cd/225ecd17870f0103c052459d24f9ce3c.jpg\" alt=\"Loạt t&oacute;c m&agrave;u đen kh&oacute;i xinh sang được hội g&aacute;i đẹp &lsquo;diện ho&agrave;i kh&ocirc;ng ch&aacute;n&rsquo;\" width=\"668\" height=\"897\" /></span></li>\r\n</ul>', 125, 0, '2021-02-17 12:22:20', '2021-02-22 03:03:36', 4, 1),
(71, 'Mẫn Tiên', 'product/602d5fb0dcb40--602d5fb0dcb42--0cb1e129fa20336a51c830bbd47d7806.jpg', 175, '<ul style=\"box-sizing: border-box; text-rendering: geometricprecision; outline: 0px; -webkit-font-smoothing: antialiased; margin: 0px 0px 0px 20px; padding: 0px; border: 0px; font-size: 17.6px; vertical-align: baseline; background: #ffffff; text-size-adjust: 100%; list-style: inherit; color: #333333; font-family: Roboto, sans-serif;\">\r\n<li style=\"box-sizing: border-box; text-rendering: geometricprecision; outline: 0px; -webkit-font-smoothing: antialiased; margin: 0px 0px 0.7em; padding: 0px 20px 0px 10px; border: 0px; font-size: 1em; vertical-align: baseline; background: transparent; text-size-adjust: 100%; line-height: 1.4; color: #444444; font-style: italic;\">\r\n<ul style=\"box-sizing: border-box; text-rendering: geometricprecision; outline: 0px; -webkit-font-smoothing: antialiased; margin: 0px 0px 0px 20px; padding: 0px; border: 0px; font-size: 17.6px; vertical-align: baseline; background: #ffffff; text-size-adjust: 100%; list-style: inherit; color: #333333; font-family: Roboto, sans-serif;\">\r\n<li style=\"box-sizing: border-box; text-rendering: geometricprecision; outline: 0px; -webkit-font-smoothing: antialiased; margin: 0px 0px 0.7em; padding: 0px 20px 0px 10px; border: 0px; font-size: 1em; vertical-align: baseline; background: transparent; text-size-adjust: 100%; line-height: 1.4; color: #444444; font-style: italic;\"><span style=\"text-align: justify;\">z&ecirc;n thật: Nguyễn Mẫn Thủy Ti&ecirc;n, 24 tuổi, H&agrave; Nội</span></li>\r\n<li style=\"box-sizing: border-box; text-rendering: geometricprecision; outline: 0px; -webkit-font-smoothing: antialiased; margin: 0px 0px 0.7em; padding: 0px 20px 0px 10px; border: 0px; font-size: 1em; vertical-align: baseline; background: transparent; text-size-adjust: 100%; line-height: 1.4; color: #444444; font-style: italic;\">\r\n<p style=\"box-sizing: border-box; text-rendering: geometricprecision; outline: 0px; -webkit-font-smoothing: antialiased; margin: 0px 0px 1em; padding: 0px; border: 0px; font-size: 1em; vertical-align: baseline; background: transparent; text-size-adjust: 100%; line-height: 1.5; text-align: justify;\">Sinh vi&ecirc;n chuy&ecirc;n ng&agrave;nh Quan hệ quốc tế, Đại học APU, Oita, Beppu, Nhật Bản</p>\r\n</li>\r\n<li style=\"box-sizing: border-box; text-rendering: geometricprecision; outline: 0px; -webkit-font-smoothing: antialiased; margin: 0px 0px 0.7em; padding: 0px 20px 0px 10px; border: 0px; font-size: 1em; vertical-align: baseline; background: transparent; text-size-adjust: 100%; line-height: 1.4; color: #444444; font-style: italic;\">\r\n<p style=\"box-sizing: border-box; text-rendering: geometricprecision; outline: 0px; -webkit-font-smoothing: antialiased; margin: 0px 0px 1em; padding: 0px; border: 0px; font-size: 1em; vertical-align: baseline; background: transparent; text-size-adjust: 100%; line-height: 1.5; text-align: justify;\">Người mẫu ảnh, beauty blogger</p>\r\n</li>\r\n<li style=\"box-sizing: border-box; text-rendering: geometricprecision; outline: 0px; -webkit-font-smoothing: antialiased; margin: 0px 0px 0.7em; padding: 0px 20px 0px 10px; border: 0px; font-size: 1em; vertical-align: baseline; background: transparent; text-size-adjust: 100%; line-height: 1.4; color: #444444; font-style: italic;\">\r\n<p style=\"box-sizing: border-box; text-rendering: geometricprecision; outline: 0px; -webkit-font-smoothing: antialiased; margin: 0px 0px 1em; padding: 0px; border: 0px; font-size: 1em; vertical-align: baseline; background: transparent; text-size-adjust: 100%; line-height: 1.5; text-align: justify;\">Được y&ecirc;u mến bởi vẻ đẹp trong s&aacute;ng v&agrave; loạt ảnh \"lung linh\" khi đi du học Nhật</p>\r\n</li>\r\n</ul>\r\n</li>\r\n<li style=\"box-sizing: border-box; text-rendering: geometricprecision; outline: 0px; -webkit-font-smoothing: antialiased; margin: 0px 0px 0.7em; padding: 0px 20px 0px 10px; border: 0px; font-size: 1em; vertical-align: baseline; background: transparent; text-size-adjust: 100%; line-height: 1.4; color: #444444; font-style: italic;\"><img src=\"https://i.pinimg.com/236x/61/2c/aa/612caa3b39f7ef826f964e52fdaa13c8.jpg\" alt=\"Thiếu nữ Việt &ldquo;nổi như cồn&ldquo; khi mặc &aacute;o d&agrave;i kh&ocirc;ng b&oacute; chẽn vẫn đẹp v&agrave; gợi cảm\" width=\"604\" height=\"906\" /></li>\r\n<li style=\"box-sizing: border-box; text-rendering: geometricprecision; outline: 0px; -webkit-font-smoothing: antialiased; margin: 0px 0px 0.7em; padding: 0px 20px 0px 10px; border: 0px; font-size: 1em; vertical-align: baseline; background: transparent; text-size-adjust: 100%; line-height: 1.4; color: #444444; font-style: italic;\">&nbsp;</li>\r\n</ul>', 200, 0, '2021-02-17 12:25:52', '2021-02-22 05:00:31', 4, 1),
(72, 'An Japan', 'product/602d60899c011--602d60899c014--1a00b2964aac64825391f5fab2699eae.jpg', 180, '<ul style=\"box-sizing: border-box; text-rendering: geometricprecision; outline: 0px; -webkit-font-smoothing: antialiased; margin: 0px 0px 0px 20px; padding: 0px; border: 0px; font-size: 17.6px; vertical-align: baseline; background: #ffffff; text-size-adjust: 100%; list-style: inherit; color: #333333; font-family: Roboto, sans-serif;\">\r\n<li style=\"box-sizing: border-box; text-rendering: geometricprecision; outline: 0px; -webkit-font-smoothing: antialiased; margin: 0px 0px 0.7em; padding: 0px 20px 0px 10px; border: 0px; font-size: 1em; vertical-align: baseline; background: transparent; text-size-adjust: 100%; line-height: 1.4; color: #444444; font-style: italic;\">\r\n<p style=\"box-sizing: border-box; text-rendering: geometricprecision; outline: 0px; -webkit-font-smoothing: antialiased; margin: 0px 0px 1em; padding: 0px; border: 0px; font-size: 1em; vertical-align: baseline; background: transparent; text-size-adjust: 100%; line-height: 1.5; text-align: justify;\">T&ecirc;n thật: L&ecirc; Ngọc Ho&agrave;i An, 18 tuổi, H&agrave; Nội</p>\r\n</li>\r\n<li style=\"box-sizing: border-box; text-rendering: geometricprecision; outline: 0px; -webkit-font-smoothing: antialiased; margin: 0px 0px 0.7em; padding: 0px 20px 0px 10px; border: 0px; font-size: 1em; vertical-align: baseline; background: transparent; text-size-adjust: 100%; line-height: 1.4; color: #444444; font-style: italic;\">\r\n<p style=\"box-sizing: border-box; text-rendering: geometricprecision; outline: 0px; -webkit-font-smoothing: antialiased; margin: 0px 0px 1em; padding: 0px; border: 0px; font-size: 1em; vertical-align: baseline; background: transparent; text-size-adjust: 100%; line-height: 1.5; text-align: justify;\">Người mẫu ảnh, diễn vi&ecirc;n, kinh doanh</p>\r\n</li>\r\n<li style=\"box-sizing: border-box; text-rendering: geometricprecision; outline: 0px; -webkit-font-smoothing: antialiased; margin: 0px 0px 0.7em; padding: 0px 20px 0px 10px; border: 0px; font-size: 1em; vertical-align: baseline; background: transparent; text-size-adjust: 100%; line-height: 1.4; color: #444444; font-style: italic;\">\r\n<p style=\"box-sizing: border-box; text-rendering: geometricprecision; outline: 0px; -webkit-font-smoothing: antialiased; margin: 0px 0px 1em; padding: 0px; border: 0px; font-size: 1em; vertical-align: baseline; background: transparent; text-size-adjust: 100%; line-height: 1.5; text-align: justify;\">Dự &aacute;n tham gia: MV \"<span style=\"box-sizing: border-box; text-rendering: geometricprecision; outline: 0px; -webkit-font-smoothing: antialiased; margin: 0px; padding: 0px; border: 0px; vertical-align: baseline; background: transparent; text-size-adjust: 100%;\">My Lady\"</span><span style=\"box-sizing: border-box; text-rendering: geometricprecision; outline: 0px; -webkit-font-smoothing: antialiased; margin: 0px; padding: 0px; border: 0px; vertical-align: baseline; background: transparent; text-size-adjust: 100%;\">&nbsp;(Yanbi v&agrave; Mr.T),&nbsp;</span><span style=\"box-sizing: border-box; text-rendering: geometricprecision; outline: 0px; -webkit-font-smoothing: antialiased; margin: 0px; padding: 0px; border: 0px; vertical-align: baseline; background: transparent; text-size-adjust: 100%;\">MC chương tr&igrave;nh \"</span><span style=\"box-sizing: border-box; text-rendering: geometricprecision; outline: 0px; -webkit-font-smoothing: antialiased; margin: 0px; padding: 0px; border: 0px; vertical-align: baseline; background: transparent; text-size-adjust: 100%;\">Thế giới &ocirc; mai\"</span><span style=\"box-sizing: border-box; text-rendering: geometricprecision; outline: 0px; -webkit-font-smoothing: antialiased; margin: 0px; padding: 0px; border: 0px; vertical-align: baseline; background: transparent; text-size-adjust: 100%;\">...</span></p>\r\n</li>\r\n<li style=\"box-sizing: border-box; text-rendering: geometricprecision; outline: 0px; -webkit-font-smoothing: antialiased; margin: 0px 0px 0.7em; padding: 0px 20px 0px 10px; border: 0px; font-size: 1em; vertical-align: baseline; background: transparent; text-size-adjust: 100%; line-height: 1.4; color: #444444; font-style: italic;\"><span style=\"box-sizing: border-box; text-rendering: geometricprecision; outline: 0px; -webkit-font-smoothing: antialiased; margin: 0px; padding: 0px; border: 0px; vertical-align: baseline; background: transparent; text-size-adjust: 100%;\"><img src=\"https://i.pinimg.com/236x/f7/34/b7/f734b7edcb5e6d45c9094a418791f1a5.jpg\" alt=\"bạn g&aacute;i tin đồn cầu thủ b&oacute;ng đ&aacute;,  mỹ nh&acirc;n nh&oacute;m Black Pink ảnh 2\" width=\"477\" height=\"641\" /></span></li>\r\n</ul>', 300, 0, '2021-02-17 12:29:29', NULL, 11, 62),
(73, 'Châu Bùi', 'product/602d613a4f54a--602d613a4f54c--1e8af925b4be7afdad217abadc290f1a.jpg', 168, '<ul style=\"box-sizing: border-box; text-rendering: geometricprecision; outline: 0px; -webkit-font-smoothing: antialiased; margin: 0px 0px 0px 20px; padding: 0px; border: 0px; font-size: 17.6px; vertical-align: baseline; background: #ffffff; text-size-adjust: 100%; list-style: inherit; color: #333333; font-family: Roboto, sans-serif;\">\r\n<li style=\"box-sizing: border-box; text-rendering: geometricprecision; outline: 0px; -webkit-font-smoothing: antialiased; margin: 0px 0px 0.7em; padding: 0px 20px 0px 10px; border: 0px; font-size: 1em; vertical-align: baseline; background: transparent; text-size-adjust: 100%; line-height: 1.4; color: #444444; font-style: italic;\">\r\n<p style=\"box-sizing: border-box; text-rendering: geometricprecision; outline: 0px; -webkit-font-smoothing: antialiased; margin: 0px 0px 1em; padding: 0px; border: 0px; font-size: 1em; vertical-align: baseline; background: transparent; text-size-adjust: 100%; line-height: 1.5; text-align: justify;\">T&ecirc;n thật: B&ugrave;i Th&aacute;i Bảo Ch&acirc;u, 19 tuổi, H&agrave; Nội</p>\r\n</li>\r\n<li style=\"box-sizing: border-box; text-rendering: geometricprecision; outline: 0px; -webkit-font-smoothing: antialiased; margin: 0px 0px 0.7em; padding: 0px 20px 0px 10px; border: 0px; font-size: 1em; vertical-align: baseline; background: transparent; text-size-adjust: 100%; line-height: 1.4; color: #444444; font-style: italic;\">\r\n<p style=\"box-sizing: border-box; text-rendering: geometricprecision; outline: 0px; -webkit-font-smoothing: antialiased; margin: 0px 0px 1em; padding: 0px; border: 0px; font-size: 1em; vertical-align: baseline; background: transparent; text-size-adjust: 100%; line-height: 1.5; text-align: justify;\">N<span style=\"box-sizing: border-box; text-rendering: geometricprecision; outline: 0px; -webkit-font-smoothing: antialiased; margin: 0px; padding: 0px; border: 0px; vertical-align: baseline; background: transparent; text-size-adjust: 100%; font-family: sans-serif; color: #555555;\">gười mẫu ảnh, fashionista, diễn vi&ecirc;n</span></p>\r\n</li>\r\n<li style=\"box-sizing: border-box; text-rendering: geometricprecision; outline: 0px; -webkit-font-smoothing: antialiased; margin: 0px 0px 0.7em; padding: 0px 20px 0px 10px; border: 0px; font-size: 1em; vertical-align: baseline; background: transparent; text-size-adjust: 100%; line-height: 1.4; color: #444444; font-style: italic;\">\r\n<p style=\"box-sizing: border-box; text-rendering: geometricprecision; outline: 0px; -webkit-font-smoothing: antialiased; margin: 0px 0px 1em; padding: 0px; border: 0px; font-size: 1em; vertical-align: baseline; background: transparent; text-size-adjust: 100%; line-height: 1.5; text-align: justify;\">Dự &aacute;n tham gia: Phim điện ảnh \"Em chưa 18\", MV \"<span style=\"box-sizing: border-box; text-rendering: geometricprecision; outline: 0px; -webkit-font-smoothing: antialiased; margin: 0px; padding: 0px; border: 0px; vertical-align: baseline; background: transparent; text-size-adjust: 100%;\">Từ ng&agrave;y em đến\"</span><span style=\"box-sizing: border-box; text-rendering: geometricprecision; outline: 0px; -webkit-font-smoothing: antialiased; margin: 0px; padding: 0px; border: 0px; vertical-align: baseline; background: transparent; text-size-adjust: 100%;\">&nbsp;(Dalab)...</span></p>\r\n</li>\r\n<li style=\"box-sizing: border-box; text-rendering: geometricprecision; outline: 0px; -webkit-font-smoothing: antialiased; margin: 0px 0px 0.7em; padding: 0px 20px 0px 10px; border: 0px; font-size: 1em; vertical-align: baseline; background: transparent; text-size-adjust: 100%; line-height: 1.4; color: #444444; font-style: italic;\">\r\n<p style=\"box-sizing: border-box; text-rendering: geometricprecision; outline: 0px; -webkit-font-smoothing: antialiased; margin: 0px 0px 1em; padding: 0px; border: 0px; font-size: 1em; vertical-align: baseline; background: transparent; text-size-adjust: 100%; line-height: 1.5; text-align: justify;\">Th&agrave;nh t&iacute;ch: Xuất hiện tr&ecirc;n c&aacute;c b&aacute;o v&agrave; blog thời trang uy t&iacute;n như Vogue, Elle, Harper\'s Bazaar, W, Highsnobiety, The Business of Fashion&hellip;, Top Fashion Influencer 2017</p>\r\n</li>\r\n<li style=\"box-sizing: border-box; text-rendering: geometricprecision; outline: 0px; -webkit-font-smoothing: antialiased; margin: 0px 0px 0.7em; padding: 0px 20px 0px 10px; border: 0px; font-size: 1em; vertical-align: baseline; background: transparent; text-size-adjust: 100%; line-height: 1.4; color: #444444; font-style: italic;\"><img src=\"https://znews-photo.zadn.vn/w1920/Uploaded/kcwvouvs/2017_10_23/cb.jpg\" alt=\"hot girl noi tieng nhat viet nam anh 5\" /></li>\r\n</ul>', 150, 0, '2021-02-17 12:32:26', NULL, 15, 63),
(74, 'Salim master', 'product/602d617c5b98a--602d617c5b98c--1ef0bd2f73c41aefd6c8337b3b7a2c65.jpg', 185, '<ul style=\"box-sizing: border-box; text-rendering: geometricprecision; outline: 0px; -webkit-font-smoothing: antialiased; margin: 0px 0px 0px 20px; padding: 0px; border: 0px; font-size: 17.6px; vertical-align: baseline; background: #ffffff; text-size-adjust: 100%; list-style: inherit; color: #333333; font-family: Roboto, sans-serif;\">\r\n<li style=\"box-sizing: border-box; text-rendering: geometricprecision; outline: 0px; -webkit-font-smoothing: antialiased; margin: 0px 0px 0.7em; padding: 0px 20px 0px 10px; border: 0px; font-size: 1em; vertical-align: baseline; background: transparent; text-size-adjust: 100%; line-height: 1.4; color: #444444; font-style: italic;\">\r\n<p style=\"box-sizing: border-box; text-rendering: geometricprecision; outline: 0px; -webkit-font-smoothing: antialiased; margin: 0px 0px 1em; padding: 0px; border: 0px; font-size: 1em; vertical-align: baseline; background: transparent; text-size-adjust: 100%; line-height: 1.5; text-align: justify;\">T&ecirc;n thật: Ho&agrave;ng Kim Ng&acirc;n, 25 tuổi, H&agrave; Nội</p>\r\n</li>\r\n<li style=\"box-sizing: border-box; text-rendering: geometricprecision; outline: 0px; -webkit-font-smoothing: antialiased; margin: 0px 0px 0.7em; padding: 0px 20px 0px 10px; border: 0px; font-size: 1em; vertical-align: baseline; background: transparent; text-size-adjust: 100%; line-height: 1.4; color: #444444; font-style: italic;\">\r\n<p style=\"box-sizing: border-box; text-rendering: geometricprecision; outline: 0px; -webkit-font-smoothing: antialiased; margin: 0px 0px 1em; padding: 0px; border: 0px; font-size: 1em; vertical-align: baseline; background: transparent; text-size-adjust: 100%; line-height: 1.5; text-align: justify;\">Diễn vi&ecirc;n, người mẫu ảnh</p>\r\n</li>\r\n<li style=\"box-sizing: border-box; text-rendering: geometricprecision; outline: 0px; -webkit-font-smoothing: antialiased; margin: 0px 0px 0.7em; padding: 0px 20px 0px 10px; border: 0px; font-size: 1em; vertical-align: baseline; background: transparent; text-size-adjust: 100%; line-height: 1.4; color: #444444; font-style: italic;\">\r\n<p style=\"box-sizing: border-box; text-rendering: geometricprecision; outline: 0px; -webkit-font-smoothing: antialiased; margin: 0px 0px 1em; padding: 0px; border: 0px; font-size: 1em; vertical-align: baseline; background: transparent; text-size-adjust: 100%; line-height: 1.5; text-align: justify;\">Dự &aacute;n tham gia: Phim \"Cầu vồng t&igrave;nh y&ecirc;u\",&nbsp;\"Ma l&agrave;ng\", vlog của Huy Me, He Always Smile, MV \"<span style=\"box-sizing: border-box; text-rendering: geometricprecision; outline: 0px; -webkit-font-smoothing: antialiased; margin: 0px; padding: 0px; border: 0px; vertical-align: baseline; background: transparent; text-size-adjust: 100%;\">C&oacute; điều g&igrave; sao kh&ocirc;ng n&oacute;i c&ugrave;ng anh\"&nbsp;</span><span style=\"box-sizing: border-box; text-rendering: geometricprecision; outline: 0px; -webkit-font-smoothing: antialiased; margin: 0px; padding: 0px; border: 0px; vertical-align: baseline; background: transparent; text-size-adjust: 100%;\">(Trung Qu&acirc;n Idol)...</span></p>\r\n</li>\r\n<li style=\"box-sizing: border-box; text-rendering: geometricprecision; outline: 0px; -webkit-font-smoothing: antialiased; margin: 0px 0px 0.7em; padding: 0px 20px 0px 10px; border: 0px; font-size: 1em; vertical-align: baseline; background: transparent; text-size-adjust: 100%; line-height: 1.4; color: #444444; font-style: italic;\"><span style=\"box-sizing: border-box; text-rendering: geometricprecision; outline: 0px; -webkit-font-smoothing: antialiased; margin: 0px; padding: 0px; border: 0px; vertical-align: baseline; background: transparent; text-size-adjust: 100%;\"><img src=\"https://znews-photo.zadn.vn/w1920/Uploaded/kcwvouvs/2017_10_23/salim.jpg\" alt=\"hot girl noi tieng nhat viet nam anh 6\" /></span></li>\r\n</ul>', 256, 0, '2021-02-17 12:33:32', '2021-02-24 15:38:23', 7, 1),
(75, 'Mie Nguyễn', 'product/602d61c6d9026--602d61c6d902b--2af485a4949cac68ab51a25061627817.jpg', 173, '<ul style=\"box-sizing: border-box; text-rendering: geometricprecision; outline: 0px; -webkit-font-smoothing: antialiased; margin: 0px 0px 0px 20px; padding: 0px; border: 0px; font-size: 17.6px; vertical-align: baseline; background: #ffffff; text-size-adjust: 100%; list-style: inherit; color: #333333; font-family: Roboto, sans-serif;\">\r\n<li style=\"box-sizing: border-box; text-rendering: geometricprecision; outline: 0px; -webkit-font-smoothing: antialiased; margin: 0px 0px 0.7em; padding: 0px 20px 0px 10px; border: 0px; font-size: 1em; vertical-align: baseline; background: transparent; text-size-adjust: 100%; line-height: 1.4; color: #444444; font-style: italic;\">\r\n<p style=\"box-sizing: border-box; text-rendering: geometricprecision; outline: 0px; -webkit-font-smoothing: antialiased; margin: 0px 0px 1em; padding: 0px; border: 0px; font-size: 1em; vertical-align: baseline; background: transparent; text-size-adjust: 100%; line-height: 1.5; text-align: justify;\">T&ecirc;n thật: Nguyễn Ho&agrave;ng My, 23 tuổi, TP.HCM</p>\r\n</li>\r\n<li style=\"box-sizing: border-box; text-rendering: geometricprecision; outline: 0px; -webkit-font-smoothing: antialiased; margin: 0px 0px 0.7em; padding: 0px 20px 0px 10px; border: 0px; font-size: 1em; vertical-align: baseline; background: transparent; text-size-adjust: 100%; line-height: 1.4; color: #444444; font-style: italic;\">\r\n<p style=\"box-sizing: border-box; text-rendering: geometricprecision; outline: 0px; -webkit-font-smoothing: antialiased; margin: 0px 0px 1em; padding: 0px; border: 0px; font-size: 1em; vertical-align: baseline; background: transparent; text-size-adjust: 100%; line-height: 1.5; text-align: justify;\">Sinh vi&ecirc;n Đại học Northeastern, Mỹ</p>\r\n</li>\r\n<li style=\"box-sizing: border-box; text-rendering: geometricprecision; outline: 0px; -webkit-font-smoothing: antialiased; margin: 0px 0px 0.7em; padding: 0px 20px 0px 10px; border: 0px; font-size: 1em; vertical-align: baseline; background: transparent; text-size-adjust: 100%; line-height: 1.4; color: #444444; font-style: italic;\">\r\n<p style=\"box-sizing: border-box; text-rendering: geometricprecision; outline: 0px; -webkit-font-smoothing: antialiased; margin: 0px 0px 1em; padding: 0px; border: 0px; font-size: 1em; vertical-align: baseline; background: transparent; text-size-adjust: 100%; line-height: 1.5; text-align: justify;\">Th&agrave;nh t&iacute;ch: Qu&aacute;n qu&acirc;n \"Ng&ocirc;i sao thời trang 2010\", TOEFL 111/120, học sinh ưu t&uacute; chương tr&igrave;nh đ&agrave;o tạo T&uacute; t&agrave;i quốc tế, trường Quốc tế TP.HCM...</p>\r\n</li>\r\n<li style=\"box-sizing: border-box; text-rendering: geometricprecision; outline: 0px; -webkit-font-smoothing: antialiased; margin: 0px 0px 0.7em; padding: 0px 20px 0px 10px; border: 0px; font-size: 1em; vertical-align: baseline; background: transparent; text-size-adjust: 100%; line-height: 1.4; color: #444444; font-style: italic;\"><img src=\"https://znews-photo.zadn.vn/w1920/Uploaded/kcwvouvs/2017_10_23/mie.jpg\" alt=\"hot girl noi tieng nhat viet nam anh 7\" /></li>\r\n</ul>', 126, 0, '2021-02-17 12:34:46', NULL, 12, 5),
(76, 'Khả ngân', 'product/602d62305e88e--602d62305e891--2fb01126cde4fa7b4d4f5c209c7cb0a3.jpg', 172, '<ul style=\"box-sizing: border-box; text-rendering: geometricprecision; outline: 0px; -webkit-font-smoothing: antialiased; margin: 0px 0px 0px 20px; padding: 0px; border: 0px; font-size: 17.6px; vertical-align: baseline; background: #ffffff; text-size-adjust: 100%; list-style: inherit; color: #333333; font-family: Roboto, sans-serif;\">\r\n<li style=\"box-sizing: border-box; text-rendering: geometricprecision; outline: 0px; -webkit-font-smoothing: antialiased; margin: 0px 0px 0.7em; padding: 0px 20px 0px 10px; border: 0px; font-size: 1em; vertical-align: baseline; background: transparent; text-size-adjust: 100%; line-height: 1.4; color: #444444; font-style: italic;\">\r\n<p style=\"box-sizing: border-box; text-rendering: geometricprecision; outline: 0px; -webkit-font-smoothing: antialiased; margin: 0px 0px 1em; padding: 0px; border: 0px; font-size: 1em; vertical-align: baseline; background: transparent; text-size-adjust: 100%; line-height: 1.5; text-align: justify;\">T&ecirc;n thật: Trần Thị Kim Ng&acirc;n, 20 tuổi, TP.HCM</p>\r\n</li>\r\n<li style=\"box-sizing: border-box; text-rendering: geometricprecision; outline: 0px; -webkit-font-smoothing: antialiased; margin: 0px 0px 0.7em; padding: 0px 20px 0px 10px; border: 0px; font-size: 1em; vertical-align: baseline; background: transparent; text-size-adjust: 100%; line-height: 1.4; color: #444444; font-style: italic;\">\r\n<p style=\"box-sizing: border-box; text-rendering: geometricprecision; outline: 0px; -webkit-font-smoothing: antialiased; margin: 0px 0px 1em; padding: 0px; border: 0px; font-size: 1em; vertical-align: baseline; background: transparent; text-size-adjust: 100%; line-height: 1.5; text-align: justify;\">Được biết đến với nickname \"hot girl boxing\"</p>\r\n</li>\r\n<li style=\"box-sizing: border-box; text-rendering: geometricprecision; outline: 0px; -webkit-font-smoothing: antialiased; margin: 0px 0px 0.7em; padding: 0px 20px 0px 10px; border: 0px; font-size: 1em; vertical-align: baseline; background: transparent; text-size-adjust: 100%; line-height: 1.4; color: #444444; font-style: italic;\">\r\n<p style=\"box-sizing: border-box; text-rendering: geometricprecision; outline: 0px; -webkit-font-smoothing: antialiased; margin: 0px 0px 1em; padding: 0px; border: 0px; font-size: 1em; vertical-align: baseline; background: transparent; text-size-adjust: 100%; line-height: 1.5; text-align: justify;\">Người mẫu ảnh, quảng c&aacute;o, diễn vi&ecirc;n</p>\r\n</li>\r\n<li style=\"box-sizing: border-box; text-rendering: geometricprecision; outline: 0px; -webkit-font-smoothing: antialiased; margin: 0px 0px 0.7em; padding: 0px 20px 0px 10px; border: 0px; font-size: 1em; vertical-align: baseline; background: transparent; text-size-adjust: 100%; line-height: 1.4; color: #444444; font-style: italic;\">\r\n<p style=\"box-sizing: border-box; text-rendering: geometricprecision; outline: 0px; -webkit-font-smoothing: antialiased; margin: 0px 0px 1em; padding: 0px; border: 0px; font-size: 1em; vertical-align: baseline; background: transparent; text-size-adjust: 100%; line-height: 1.5; text-align: justify;\">Dự &aacute;n tham gia: MV \"<span style=\"box-sizing: border-box; text-rendering: geometricprecision; outline: 0px; -webkit-font-smoothing: antialiased; margin: 0px; padding: 0px; border: 0px; vertical-align: baseline; background: transparent; text-size-adjust: 100%;\">Chờ ng&agrave;y mưa tan\"</span><span style=\"box-sizing: border-box; text-rendering: geometricprecision; outline: 0px; -webkit-font-smoothing: antialiased; margin: 0px; padding: 0px; border: 0px; vertical-align: baseline; background: transparent; text-size-adjust: 100%;\">&nbsp;(</span><span style=\"box-sizing: border-box; text-rendering: geometricprecision; outline: 0px; -webkit-font-smoothing: antialiased; margin: 0px; padding: 0px; border: 0px; vertical-align: baseline; background: transparent; text-size-adjust: 100%;\">Noo Phước Thịnh), \"</span><span style=\"box-sizing: border-box; text-rendering: geometricprecision; outline: 0px; -webkit-font-smoothing: antialiased; margin: 0px; padding: 0px; border: 0px; vertical-align: baseline; background: transparent; text-size-adjust: 100%;\">Lời xin lỗi\"&nbsp;</span><span style=\"box-sizing: border-box; text-rendering: geometricprecision; outline: 0px; -webkit-font-smoothing: antialiased; margin: 0px; padding: 0px; border: 0px; vertical-align: baseline; background: transparent; text-size-adjust: 100%;\">(</span><span style=\"box-sizing: border-box; text-rendering: geometricprecision; outline: 0px; -webkit-font-smoothing: antialiased; margin: 0px; padding: 0px; border: 0px; vertical-align: baseline; background: transparent; text-size-adjust: 100%;\">Đ&agrave;o B&aacute; Lộc), phim \"</span><span style=\"box-sizing: border-box; text-rendering: geometricprecision; outline: 0px; -webkit-font-smoothing: antialiased; margin: 0px; padding: 0px; border: 0px; vertical-align: baseline; background: transparent; text-size-adjust: 100%;\">Trở về 3\"</span><span style=\"box-sizing: border-box; text-rendering: geometricprecision; outline: 0px; -webkit-font-smoothing: antialiased; margin: 0px; padding: 0px; border: 0px; vertical-align: baseline; background: transparent; text-size-adjust: 100%;\">, \"</span><span style=\"box-sizing: border-box; text-rendering: geometricprecision; outline: 0px; -webkit-font-smoothing: antialiased; margin: 0px; padding: 0px; border: 0px; vertical-align: baseline; background: transparent; text-size-adjust: 100%;\">N&agrave;ng ti&ecirc;n c&oacute; 5 nh&agrave;\"</span><span style=\"box-sizing: border-box; text-rendering: geometricprecision; outline: 0px; -webkit-font-smoothing: antialiased; margin: 0px; padding: 0px; border: 0px; vertical-align: baseline; background: transparent; text-size-adjust: 100%;\">, \"</span><span style=\"box-sizing: border-box; text-rendering: geometricprecision; outline: 0px; -webkit-font-smoothing: antialiased; margin: 0px; padding: 0px; border: 0px; vertical-align: baseline; background: transparent; text-size-adjust: 100%;\">Cao thủ ẩn danh\"</span><span style=\"box-sizing: border-box; text-rendering: geometricprecision; outline: 0px; -webkit-font-smoothing: antialiased; margin: 0px; padding: 0px; border: 0px; vertical-align: baseline; background: transparent; text-size-adjust: 100%;\">, \"</span><span style=\"box-sizing: border-box; text-rendering: geometricprecision; outline: 0px; -webkit-font-smoothing: antialiased; margin: 0px; padding: 0px; border: 0px; vertical-align: baseline; background: transparent; text-size-adjust: 100%;\">Lật mặt 2\",</span><span style=\"box-sizing: border-box; text-rendering: geometricprecision; outline: 0px; -webkit-font-smoothing: antialiased; margin: 0px; padding: 0px; border: 0px; vertical-align: baseline; background: transparent; text-size-adjust: 100%;\">&nbsp;\"</span><span style=\"box-sizing: border-box; text-rendering: geometricprecision; outline: 0px; -webkit-font-smoothing: antialiased; margin: 0px; padding: 0px; border: 0px; vertical-align: baseline; background: transparent; text-size-adjust: 100%;\">Sao nhập ngũ\"&nbsp;</span><span style=\"box-sizing: border-box; text-rendering: geometricprecision; outline: 0px; -webkit-font-smoothing: antialiased; margin: 0px; padding: 0px; border: 0px; vertical-align: baseline; background: transparent; text-size-adjust: 100%;\">m&ugrave;a 4...</span></p>\r\n</li>\r\n<li style=\"box-sizing: border-box; text-rendering: geometricprecision; outline: 0px; -webkit-font-smoothing: antialiased; margin: 0px 0px 0.7em; padding: 0px 20px 0px 10px; border: 0px; font-size: 1em; vertical-align: baseline; background: transparent; text-size-adjust: 100%; line-height: 1.4; color: #444444; font-style: italic;\"><span style=\"box-sizing: border-box; text-rendering: geometricprecision; outline: 0px; -webkit-font-smoothing: antialiased; margin: 0px; padding: 0px; border: 0px; vertical-align: baseline; background: transparent; text-size-adjust: 100%;\"><img src=\"https://znews-photo.zadn.vn/w1920/Uploaded/kcwvouvs/2017_10_23/khangan.jpg\" alt=\"hot girl noi tieng nhat viet nam anh 8\" /></span></li>\r\n</ul>', 190, 0, '2021-02-17 12:36:32', NULL, 14, 5),
(81, 'Ngọc Thảo', 'product/602d62ef058c0--602d62ef058c3--3a649d87a798f2a6010a1031947b229c.jpg', 182, '<ul style=\"box-sizing: border-box; text-rendering: geometricprecision; outline: 0px; -webkit-font-smoothing: antialiased; margin: 0px 0px 0px 20px; padding: 0px; border: 0px; font-size: 17.6px; vertical-align: baseline; background: #ffffff; text-size-adjust: 100%; list-style: inherit; color: #333333; font-family: Roboto, sans-serif;\">\r\n<li style=\"box-sizing: border-box; text-rendering: geometricprecision; outline: 0px; -webkit-font-smoothing: antialiased; margin: 0px 0px 0.7em; padding: 0px 20px 0px 10px; border: 0px; font-size: 1em; vertical-align: baseline; background: transparent; text-size-adjust: 100%; line-height: 1.4; color: #444444; font-style: italic;\">\r\n<p style=\"box-sizing: border-box; text-rendering: geometricprecision; outline: 0px; -webkit-font-smoothing: antialiased; margin: 0px 0px 1em; padding: 0px; border: 0px; font-size: 1em; vertical-align: baseline; background: transparent; text-size-adjust: 100%; line-height: 1.5; text-align: justify;\">T&ecirc;n thật: L&ecirc; Trương Ngọc Thảo, 27 tuổi, TP.HCM</p>\r\n</li>\r\n<li style=\"box-sizing: border-box; text-rendering: geometricprecision; outline: 0px; -webkit-font-smoothing: antialiased; margin: 0px 0px 0.7em; padding: 0px 20px 0px 10px; border: 0px; font-size: 1em; vertical-align: baseline; background: transparent; text-size-adjust: 100%; line-height: 1.4; color: #444444; font-style: italic;\">\r\n<p style=\"box-sizing: border-box; text-rendering: geometricprecision; outline: 0px; -webkit-font-smoothing: antialiased; margin: 0px 0px 1em; padding: 0px; border: 0px; font-size: 1em; vertical-align: baseline; background: transparent; text-size-adjust: 100%; line-height: 1.5; text-align: justify;\">Qu&aacute;n qu&acirc;n<em style=\"box-sizing: border-box; text-rendering: geometricprecision; outline: 0px; -webkit-font-smoothing: antialiased; margin: 0px; padding: 0px; border: 0px; vertical-align: baseline; background: transparent; text-size-adjust: 100%;\">&nbsp;Ng&ocirc;i sao thời trang 2009</em></p>\r\n</li>\r\n<li style=\"box-sizing: border-box; text-rendering: geometricprecision; outline: 0px; -webkit-font-smoothing: antialiased; margin: 0px 0px 0.7em; padding: 0px 20px 0px 10px; border: 0px; font-size: 1em; vertical-align: baseline; background: transparent; text-size-adjust: 100%; line-height: 1.4; color: #444444; font-style: italic;\">\r\n<p style=\"box-sizing: border-box; text-rendering: geometricprecision; outline: 0px; -webkit-font-smoothing: antialiased; margin: 0px 0px 1em; padding: 0px; border: 0px; font-size: 1em; vertical-align: baseline; background: transparent; text-size-adjust: 100%; line-height: 1.5; text-align: justify;\">Người mẫu ảnh, quảng c&aacute;o, diễn vi&ecirc;n, YouTuber, beauty blogger</p>\r\n</li>\r\n<li style=\"box-sizing: border-box; text-rendering: geometricprecision; outline: 0px; -webkit-font-smoothing: antialiased; margin: 0px 0px 0.7em; padding: 0px 20px 0px 10px; border: 0px; font-size: 1em; vertical-align: baseline; background: transparent; text-size-adjust: 100%; line-height: 1.4; color: #444444; font-style: italic;\">\r\n<p style=\"box-sizing: border-box; text-rendering: geometricprecision; outline: 0px; -webkit-font-smoothing: antialiased; margin: 0px 0px 1em; padding: 0px; border: 0px; font-size: 1em; vertical-align: baseline; background: transparent; text-size-adjust: 100%; line-height: 1.5; text-align: justify;\">Dự &aacute;n tham gia: Th&iacute;ch Ăn Phở, \"Căn hộ 69\", phim điện ảnh \"Bạn g&aacute;i t&ocirc;i l&agrave; sếp\", phim ngắn quảng c&aacute;o c&ugrave;ng Kim Woo Bin v&agrave; Song Ji Hyo</p>\r\n</li>\r\n<li style=\"box-sizing: border-box; text-rendering: geometricprecision; outline: 0px; -webkit-font-smoothing: antialiased; margin: 0px 0px 0.7em; padding: 0px 20px 0px 10px; border: 0px; font-size: 1em; vertical-align: baseline; background: transparent; text-size-adjust: 100%; line-height: 1.4; color: #444444; font-style: italic;\"><img src=\"https://i.pinimg.com/236x/9d/31/b3/9d31b347f4b0adc556ef7bc305491687.jpg\" alt=\"Nữ sinh 18 tuổi sở hữu n&eacute;t đẹp dịu d&agrave;ng như t&ecirc;n gọi - 9\" width=\"1073\" height=\"1905\" /></li>\r\n</ul>', 231, 0, '2021-02-17 12:39:43', NULL, 14, 6),
(82, 'Quỳnh Anh', 'product/602d633a749cd--602d633a749cf--3e31862cc90170f263ab782c6d261d88.jpg', 181, '<ul style=\"box-sizing: border-box; text-rendering: geometricprecision; outline: 0px; -webkit-font-smoothing: antialiased; margin: 0px 0px 0px 20px; padding: 0px; border: 0px; font-size: 17.6px; vertical-align: baseline; background: #ffffff; text-size-adjust: 100%; list-style: inherit; color: #333333; font-family: Roboto, sans-serif;\">\r\n<li style=\"box-sizing: border-box; text-rendering: geometricprecision; outline: 0px; -webkit-font-smoothing: antialiased; margin: 0px 0px 0.7em; padding: 0px 20px 0px 10px; border: 0px; font-size: 1em; vertical-align: baseline; background: transparent; text-size-adjust: 100%; line-height: 1.4; color: #444444; font-style: italic;\">\r\n<p style=\"box-sizing: border-box; text-rendering: geometricprecision; outline: 0px; -webkit-font-smoothing: antialiased; margin: 0px 0px 1em; padding: 0px; border: 0px; font-size: 1em; vertical-align: baseline; background: transparent; text-size-adjust: 100%; line-height: 1.5; text-align: justify;\">T&ecirc;n thật: Ph&iacute; Quỳnh Anh, 25 tuổi, H&agrave; Nội</p>\r\n</li>\r\n<li style=\"box-sizing: border-box; text-rendering: geometricprecision; outline: 0px; -webkit-font-smoothing: antialiased; margin: 0px 0px 0.7em; padding: 0px 20px 0px 10px; border: 0px; font-size: 1em; vertical-align: baseline; background: transparent; text-size-adjust: 100%; line-height: 1.4; color: #444444; font-style: italic;\">\r\n<p style=\"box-sizing: border-box; text-rendering: geometricprecision; outline: 0px; -webkit-font-smoothing: antialiased; margin: 0px 0px 1em; padding: 0px; border: 0px; font-size: 1em; vertical-align: baseline; background: transparent; text-size-adjust: 100%; line-height: 1.5; text-align: justify;\">Người mẫu ảnh, quảng c&aacute;o, diễn vi&ecirc;n, beauty blogger</p>\r\n</li>\r\n<li style=\"box-sizing: border-box; text-rendering: geometricprecision; outline: 0px; -webkit-font-smoothing: antialiased; margin: 0px 0px 0.7em; padding: 0px 20px 0px 10px; border: 0px; font-size: 1em; vertical-align: baseline; background: transparent; text-size-adjust: 100%; line-height: 1.4; color: #444444; font-style: italic;\">\r\n<p style=\"box-sizing: border-box; text-rendering: geometricprecision; outline: 0px; -webkit-font-smoothing: antialiased; margin: 0px 0px 1em; padding: 0px; border: 0px; font-size: 1em; vertical-align: baseline; background: transparent; text-size-adjust: 100%; line-height: 1.5; text-align: justify;\">Dự &aacute;n tham gia: sitcom \"5S Online\", phim điện ảnh \"Đời cho ta bao lần đ&ocirc;i mươi\"...</p>\r\n</li>\r\n<li style=\"box-sizing: border-box; text-rendering: geometricprecision; outline: 0px; -webkit-font-smoothing: antialiased; margin: 0px 0px 0.7em; padding: 0px 20px 0px 10px; border: 0px; font-size: 1em; vertical-align: baseline; background: transparent; text-size-adjust: 100%; line-height: 1.4; color: #444444; font-style: italic;\">\r\n<p style=\"box-sizing: border-box; text-rendering: geometricprecision; outline: 0px; -webkit-font-smoothing: antialiased; margin: 0px 0px 1em; padding: 0px; border: 0px; font-size: 1em; vertical-align: baseline; background: transparent; text-size-adjust: 100%; line-height: 1.5; text-align: justify;\">Lọt v&agrave;o danh s&aacute;ch đề cử Influence Asia 2017 hạng mục Beauty v&agrave; Fashion</p>\r\n</li>\r\n<li style=\"box-sizing: border-box; text-rendering: geometricprecision; outline: 0px; -webkit-font-smoothing: antialiased; margin: 0px 0px 0.7em; padding: 0px 20px 0px 10px; border: 0px; font-size: 1em; vertical-align: baseline; background: transparent; text-size-adjust: 100%; line-height: 1.4; color: #444444; font-style: italic;\"><img src=\"https://znews-photo.zadn.vn/w1920/Uploaded/kcwvouvs/2017_10_23/quynhanh.jpg\" alt=\"hot girl noi tieng nhat viet nam anh 10\" /></li>\r\n</ul>', 300, 0, '2021-02-17 12:40:58', NULL, 6, 7),
(84, 'Chi Pu', 'product/602d637f88503--602d637f88505--05bd2aef26b457b6824cdc60bd37ede0.jpg', 167, '<ul style=\"box-sizing: border-box; text-rendering: geometricprecision; outline: 0px; -webkit-font-smoothing: antialiased; margin: 0px 0px 0px 20px; padding: 0px; border: 0px; font-size: 17.6px; vertical-align: baseline; background: #ffffff; text-size-adjust: 100%; list-style: inherit; color: #333333; font-family: Roboto, sans-serif;\">\r\n<li style=\"box-sizing: border-box; text-rendering: geometricprecision; outline: 0px; -webkit-font-smoothing: antialiased; margin: 0px 0px 0.7em; padding: 0px 20px 0px 10px; border: 0px; font-size: 1em; vertical-align: baseline; background: transparent; text-size-adjust: 100%; line-height: 1.4; color: #444444; font-style: italic;\">\r\n<p style=\"box-sizing: border-box; text-rendering: geometricprecision; outline: 0px; -webkit-font-smoothing: antialiased; margin: 0px 0px 1em; padding: 0px; border: 0px; font-size: 1em; vertical-align: baseline; background: transparent; text-size-adjust: 100%; line-height: 1.5; text-align: justify;\">T&ecirc;n thật: Nguyễn Th&ugrave;y Chi, 24 tuổi, H&agrave; Nội</p>\r\n</li>\r\n<li style=\"box-sizing: border-box; text-rendering: geometricprecision; outline: 0px; -webkit-font-smoothing: antialiased; margin: 0px 0px 0.7em; padding: 0px 20px 0px 10px; border: 0px; font-size: 1em; vertical-align: baseline; background: transparent; text-size-adjust: 100%; line-height: 1.4; color: #444444; font-style: italic;\">\r\n<p style=\"box-sizing: border-box; text-rendering: geometricprecision; outline: 0px; -webkit-font-smoothing: antialiased; margin: 0px 0px 1em; padding: 0px; border: 0px; font-size: 1em; vertical-align: baseline; background: transparent; text-size-adjust: 100%; line-height: 1.5; text-align: justify;\">Người mẫu ảnh, diễn vi&ecirc;n, bi&ecirc;n kịch, sản xuất phim ngắn</p>\r\n</li>\r\n<li style=\"box-sizing: border-box; text-rendering: geometricprecision; outline: 0px; -webkit-font-smoothing: antialiased; margin: 0px 0px 0.7em; padding: 0px 20px 0px 10px; border: 0px; font-size: 1em; vertical-align: baseline; background: transparent; text-size-adjust: 100%; line-height: 1.4; color: #444444; font-style: italic;\">\r\n<p style=\"box-sizing: border-box; text-rendering: geometricprecision; outline: 0px; -webkit-font-smoothing: antialiased; margin: 0px 0px 1em; padding: 0px; border: 0px; font-size: 1em; vertical-align: baseline; background: transparent; text-size-adjust: 100%; line-height: 1.5; text-align: justify;\">Dự &aacute;n tham gia: \"Bộ tứ 10A8\", phim ngắn \"Tỉnh giấc t&ocirc;i thấy m&igrave;nh trong ai\",&nbsp;sitcom \"5S Online\", phim điện ảnh \"Hương Ga\"...</p>\r\n</li>\r\n<li style=\"box-sizing: border-box; text-rendering: geometricprecision; outline: 0px; -webkit-font-smoothing: antialiased; margin: 0px 0px 0.7em; padding: 0px 20px 0px 10px; border: 0px; font-size: 1em; vertical-align: baseline; background: transparent; text-size-adjust: 100%; line-height: 1.4; color: #444444; font-style: italic;\">\r\n<p style=\"box-sizing: border-box; text-rendering: geometricprecision; outline: 0px; -webkit-font-smoothing: antialiased; margin: 0px 0px 1em; padding: 0px; border: 0px; font-size: 1em; vertical-align: baseline; background: transparent; text-size-adjust: 100%; line-height: 1.5; text-align: justify;\">Giải thưởng: HTV AWARDS 2016 hạng mục Nữ diễn vi&ecirc;n phim truyền h&igrave;nh được y&ecirc;u th&iacute;ch nhất, Asia Artist Awards hạng mục Rising star - nghệ sĩ mới ch&acirc;u &Aacute;...</p>\r\n</li>\r\n<li style=\"box-sizing: border-box; text-rendering: geometricprecision; outline: 0px; -webkit-font-smoothing: antialiased; margin: 0px 0px 0.7em; padding: 0px 20px 0px 10px; border: 0px; font-size: 1em; vertical-align: baseline; background: transparent; text-size-adjust: 100%; line-height: 1.4; color: #444444; font-style: italic;\">\r\n<p style=\"box-sizing: border-box; text-rendering: geometricprecision; outline: 0px; -webkit-font-smoothing: antialiased; margin: 0px 0px 1em; padding: 0px; border: 0px; font-size: 1em; vertical-align: baseline; background: transparent; text-size-adjust: 100%; line-height: 1.5; text-align: justify;\">Ng&agrave;y 10/10, ra mắt MV \"Từ H&ocirc;m nay\" với vị tr&iacute; ca sĩ</p>\r\n</li>\r\n<li style=\"box-sizing: border-box; text-rendering: geometricprecision; outline: 0px; -webkit-font-smoothing: antialiased; margin: 0px 0px 0.7em; padding: 0px 20px 0px 10px; border: 0px; font-size: 1em; vertical-align: baseline; background: transparent; text-size-adjust: 100%; line-height: 1.4; color: #444444; font-style: italic;\"><img src=\"https://znews-photo.zadn.vn/w1920/Uploaded/kcwvouvs/2017_10_23/chipu.jpg\" alt=\"hot girl noi tieng nhat viet nam anh 11\" /></li>\r\n</ul>', 251, 0, '2021-02-17 12:42:07', NULL, 6, 8);
INSERT INTO `products` (`id`, `name`, `images`, `height`, `description`, `price`, `status`, `created_at`, `updated_at`, `id_cate`, `id_hometown`) VALUES
(85, 'Thanh Hằng', 'product/602f8050b9170--602f8050b9174--147b0f5e113c8519153263b48e60522f.jpg', 175, '<div style=\"box-sizing: border-box; color: #333333; font-family: \'Helvetica Neue\', Helvetica, Arial, sans-serif; font-size: 14px; text-align: justify; background-color: #f2f2f2; margin-top: 3px;\">\r\n<p style=\"box-sizing: border-box; margin: 0px;\"><span style=\"box-sizing: border-box; font-weight: bold;\">Thanh Hằng</span>&nbsp;l&agrave; người mẫu nổi tiếng tại Việt Nam, sinh năm 1983 v&agrave; sở hữu chiều cao 1m75 c&ugrave;ng với số đo chuẩn ba v&ograve;ng l&agrave; 85-60-90, ngo&agrave;i ra c&ocirc; c&ograve;n l&agrave; diễn vi&ecirc;n trong một số bộ phim như: Tuyết Nhiệt Đới, T&ocirc;i L&agrave; Ng&ocirc;i Sao, Người Mẫu, Mỹ Nh&acirc;n Kế,... Sau khi c&ocirc; đăng quang Hoa hậu b&aacute;o Phụ nữ VN qua ảnh, Thanh Hằng đ&atilde; bước ch&acirc;n v&agrave;o nghề người mẫu, v&agrave; cũng gần như lột x&aacute;c. C&ocirc; g&aacute;i sinh v&agrave;o năm 1983 sở hữu một đ&ocirc;i ch&acirc;n d&agrave;i nhất s&agrave;n catwalk (1,12 m) cũng đ&atilde; nhanh ch&oacute;ng trở th&agrave;nh một người mẫu rất s&aacute;ng gi&aacute;. Sau khoảng gần 10 năm đăng quang hoa hậu,&nbsp;<span style=\"box-sizing: border-box; font-weight: bold;\">Thanh Hằng</span>&nbsp;cũng đ&atilde; l&agrave; vedette h&agrave;ng đầu c&ugrave;ng với gi&aacute; c&aacute;t-s&ecirc; cao ngất ngưởng, l&agrave; một diễn vi&ecirc;n giải tr&iacute; rất c&oacute; tiếng, lu&ocirc;n xuất hiện v&agrave; tỏa s&aacute;ng trong c&aacute;c sự kiện đ&igrave;nh đ&aacute;m.</p>\r\n<p style=\"box-sizing: border-box; margin: 0px;\">&nbsp;</p>\r\n<p style=\"box-sizing: border-box; margin: 0px;\">Sự nghiệp của&nbsp;<span style=\"box-sizing: border-box; font-weight: bold;\">Thanh Hằng</span>&nbsp;kh&aacute; th&agrave;nh c&ocirc;ng khi c&ocirc; đoạt giải \"Người mẫu xuất sắc 2004\", v&agrave; năm 2005 đại diện cho Việt Nam đi thi Hoa Hậu Tr&aacute;i Đất. V&agrave; mới đ&acirc;y,&nbsp;<span style=\"box-sizing: border-box; font-weight: bold;\">Thanh Hằng</span>&nbsp;đảm nhiệm vai tr&ograve; gi&aacute;m khảo trong chương tr&igrave;nh Người Mẫu Việt Nam: VietNam\'s Next Top Model m&ugrave;a 4 v&agrave; m&ugrave;a 6. Với thần th&aacute;i sang trọng v&agrave; ki&ecirc;u sa, c&ocirc; kh&ocirc;ng chỉ l&agrave; một người mẫu chuy&ecirc;n nghiệp m&agrave; c&ograve;n l&agrave; một người mẫu quyền lực ở Việt Nam.</p>\r\n</div>\r\n<div class=\"dsp_media\" style=\"box-sizing: border-box; padding: 10px 10px 10px 0px; color: #333333; font-family: \'Helvetica Neue\', Helvetica, Arial, sans-serif; font-size: 14px; text-align: justify; background-color: #f2f2f2;\">\r\n<figure style=\"box-sizing: border-box; display: block; margin: 0px;\"><img class=\"img-responsive click_to_view_large round_img\" style=\"box-sizing: border-box; border: 1px solid #f2f2f2; vertical-align: middle; display: block; max-width: 100%; height: auto; border-radius: 10px;\" src=\"https://toplist.vn/images/800px/thanh-hang-52545.jpg\" alt=\"Được xem như l&agrave; b&agrave; ho&agrave;ng quảng c&aacute;o trong giới showbiz Việt, khi li&ecirc;n tục l&agrave;m người mẫu đại diện cho rất nhiều c&aacute;c nh&atilde;n h&agrave;ng thời trang lớn.\" data-toggle=\"modal\" data-target=\"#large_image\" />\r\n<figcaption style=\"box-sizing: border-box;\"><em class=\"text-center\" style=\"box-sizing: border-box;\">Được xem như l&agrave; b&agrave; ho&agrave;ng quảng c&aacute;o trong giới showbiz Việt, khi li&ecirc;n tục l&agrave;m người mẫu đại diện cho rất nhiều c&aacute;c nh&atilde;n h&agrave;ng thời trang lớn.</em></figcaption>\r\n</figure>\r\n</div>\r\n<div class=\"dsp_media\" style=\"box-sizing: border-box; padding: 10px 10px 10px 0px; color: #333333; font-family: \'Helvetica Neue\', Helvetica, Arial, sans-serif; font-size: 14px; text-align: justify; background-color: #f2f2f2;\">\r\n<figure style=\"box-sizing: border-box; display: block; margin: 0px;\"><img class=\"img-responsive click_to_view_large round_img\" style=\"box-sizing: border-box; border: 1px solid #f2f2f2; vertical-align: middle; display: block; max-width: 100%; height: auto; border-radius: 10px;\" src=\"https://toplist.vn/images/800px/thanh-hang-52546.jpg\" alt=\"Ch&acirc;n d&agrave;i 1m12 n&agrave;y tự tin diện đồ c&aacute; t&iacute;nh xuống phố mặc d&ugrave; đ&atilde; ở ngưỡng 30.\" data-toggle=\"modal\" data-target=\"#large_image\" />\r\n<figcaption style=\"box-sizing: border-box;\"><em class=\"text-center\" style=\"box-sizing: border-box;\">Ch&acirc;n d&agrave;i 1m12 n&agrave;y tự tin diện đồ c&aacute; t&iacute;nh xuống phố mặc d&ugrave; đ&atilde; ở ngưỡng 30.</em></figcaption>\r\n</figure>\r\n</div>', 290, 0, '2021-02-19 03:09:36', NULL, 13, 9),
(86, 'Hoàng Thùy', 'product/602f80cc7d3a8--602f80cc7d3aa--a2e538e035557957e65069fa4e99c6aa.jpg', 179, '<div style=\"box-sizing: border-box; color: #333333; font-family: \'Helvetica Neue\', Helvetica, Arial, sans-serif; font-size: 14px; text-align: justify; background-color: #f2f2f2; margin-top: 3px;\">\r\n<p style=\"box-sizing: border-box; margin: 0px;\"><span style=\"box-sizing: border-box; font-weight: bold;\">Ho&agrave;ng Th&ugrave;y</span>&nbsp;l&agrave; người mẫu danh gi&aacute; tại Việt Nam, c&ocirc; sinh năm 1992, sở hữu chiều cao 1m79 v&agrave; số đo ba v&ograve;ng l&agrave; 75-58-85. Nhờ những nỗ lực vượt bậc ở trong c&aacute;ch l&agrave;m việc v&agrave; để m&agrave; thể hiện xuất sắc ở trong c&aacute;c shoot h&igrave;nh nghệ thuật, c&ocirc; cũng đ&atilde; trở th&agrave;nh qu&aacute;n qu&acirc;n của cuộc thi Vietnam&rsquo;s Next Top Model v&agrave;o năm 2011. V&agrave; cũng từ đ&acirc;y, con đường người mẫu chuy&ecirc;n nghiệp của c&ocirc; cũng đ&atilde; được x&aacute;c định r&otilde; r&agrave;ng hơn. Sau khi c&ocirc; đ&atilde; d&agrave;nh được ng&ocirc;i vị qu&aacute;n qu&acirc;n,<span style=\"box-sizing: border-box; font-weight: bold;\">&nbsp;Ho&agrave;ng Th&ugrave;y</span>&nbsp;cũng đ&atilde; xuất hiện nhiều tr&ecirc;n c&aacute;c tạp ch&iacute; thời trang.</p>\r\n<p style=\"box-sizing: border-box; margin: 0px;\">&nbsp;</p>\r\n<p style=\"box-sizing: border-box; margin: 0px;\">Sau khi trở th&agrave;nh qu&aacute;n qu&acirc;n Người Mẫu Việt Nam: VietNam\'s Next Top Model 2011, t&ecirc;n tuổi của c&ocirc; ảnh hưởng rất mạnh mẽ đến giới thời trang trong nước lẫn ngo&agrave;i nước. C&ocirc; li&ecirc;n tục đi diễn trong c&aacute;c show của nước ngo&agrave;i v&agrave; được c&aacute;c nh&agrave; thiết thế đ&aacute;nh gi&aacute; rất cao. Năm 2013, l&agrave; \"Best Model\" của của lễ trao giải Best People Awards do tạp ch&iacute; F tổ chức. Gần đ&acirc;y nhất,&nbsp;<span style=\"box-sizing: border-box; font-weight: bold;\">Ho&agrave;ng Th&ugrave;y</span>&nbsp;tham gia tuần lễ thời trang London Xu&acirc;n H&egrave; 2017.</p>\r\n</div>\r\n<div class=\"dsp_media\" style=\"box-sizing: border-box; padding: 10px 10px 10px 0px; color: #333333; font-family: \'Helvetica Neue\', Helvetica, Arial, sans-serif; font-size: 14px; text-align: justify; background-color: #f2f2f2;\">\r\n<figure style=\"box-sizing: border-box; display: block; margin: 0px;\"><img class=\"img-responsive click_to_view_large round_img\" style=\"box-sizing: border-box; border: 1px solid #f2f2f2; vertical-align: middle; display: block; max-width: 100%; height: auto; border-radius: 10px;\" src=\"https://toplist.vn/images/800px/hoang-thuy-52560.jpg\" alt=\"Xuất hiện tr&ecirc;n tạp ch&iacute; ELLE của Anh.\" data-toggle=\"modal\" data-target=\"#large_image\" />\r\n<figcaption style=\"box-sizing: border-box;\"><em class=\"text-center\" style=\"box-sizing: border-box;\">Xuất hiện tr&ecirc;n tạp ch&iacute; ELLE của Anh.</em></figcaption>\r\n</figure>\r\n</div>\r\n<div class=\"dsp_media\" style=\"box-sizing: border-box; padding: 10px 10px 10px 0px; color: #333333; font-family: \'Helvetica Neue\', Helvetica, Arial, sans-serif; font-size: 14px; text-align: justify; background-color: #f2f2f2;\">\r\n<figure style=\"box-sizing: border-box; display: block; margin: 0px;\"><img class=\"img-responsive click_to_view_large round_img\" style=\"box-sizing: border-box; border: 1px solid #f2f2f2; vertical-align: middle; display: block; max-width: 100%; height: auto; border-radius: 10px;\" src=\"https://toplist.vn/images/800px/hoang-thuy-52562.jpg\" alt=\"Lọt v&agrave;o ống k&iacute;nh của một nhiếp ảnh gia street style nổi tiếng, v&agrave; Ho&agrave;ng Th&ugrave;y được xếp v&agrave;o trong top những người c&oacute; phong c&aacute;ch street style đẹp nhất.\" data-toggle=\"modal\" data-target=\"#large_image\" />\r\n<figcaption style=\"box-sizing: border-box;\"><em class=\"text-center\" style=\"box-sizing: border-box;\">Lọt v&agrave;o ống k&iacute;nh của một nhiếp ảnh gia street style nổi tiếng, v&agrave; Ho&agrave;ng Th&ugrave;y được xếp v&agrave;o trong top những người c&oacute; phong c&aacute;ch street style đẹp nhất.</em></figcaption>\r\n</figure>\r\n</div>', 300, 0, '2021-02-19 03:11:40', NULL, 16, 10),
(87, 'Trang Khiếu', 'product/602f810c6eeb6--602f810c6eeb8--270d420c48229ca09c0672a0a46faa0f.jpg', 183, '<div style=\"box-sizing: border-box; color: #333333; font-family: \'Helvetica Neue\', Helvetica, Arial, sans-serif; font-size: 14px; text-align: justify; background-color: #f2f2f2; margin-top: 3px;\">\r\n<p style=\"box-sizing: border-box; margin: 0px;\"><span style=\"box-sizing: border-box; font-weight: bold;\">Khiếu Thị Huyền Trang</span>&nbsp;hay được gọi l&agrave;<span style=\"box-sizing: border-box; font-weight: bold;\">&nbsp;Trang Khiếu</span>, ch&iacute;nh l&agrave; qu&aacute;n qu&acirc;n Người Mẫu Việt Nam: VietNam\'s Next Top Model m&ugrave;a 1. C&ocirc; n&agrave;ng sinh năm 1990 c&ugrave;ng với chiều cao khủng l&agrave; 1m83 v&agrave; số đo ba v&ograve;ng l&agrave; 83-59-93, đ&atilde; thu h&uacute;t được rất nhiều nh&agrave; thiết kế. L&agrave; người mẫu thuộc thế hệ trẻ đầy năng động, dấn th&acirc;n, khi c&ocirc; g&oacute;p phần tạo n&ecirc;n nhiều bước chuyển mạnh mẽ cho l&agrave;ng người mẫu trong nước ở s&agrave;n diễn quốc tế.</p>\r\n<p style=\"box-sizing: border-box; margin: 0px;\">&nbsp;</p>\r\n<p style=\"box-sizing: border-box; margin: 0px;\">Trong cuộc thi &ldquo;Vietnam&rsquo;s Next Top Model&rdquo; 2010 m&ugrave;a đầu ti&ecirc;n,&nbsp;<span style=\"box-sizing: border-box; font-weight: bold;\">Trang Khiếu</span>&nbsp;đ&atilde; xuất sắc chinh phục danh hiệu qu&aacute;n qu&acirc;n đầu ti&ecirc;n trong lịch sử Vietnam&rsquo;s Next Top Model. Sở hữu chiều cao l&yacute; tưởng c&ugrave;ng n&eacute;t đẹp thuần &Aacute; Ch&acirc;u,&nbsp;<span style=\"box-sizing: border-box; font-weight: bold;\">Trang Khiếu</span>&nbsp;được đ&aacute;nh gi&aacute; l&agrave; gương mặt s&aacute;ng gi&aacute; của l&agrave;ng mẫu Việt. Mạnh mẽ, tự do v&agrave; ph&oacute;ng kho&aacute;ng c&ugrave;ng với một nghị lực đ&aacute;ng nể, c&ocirc; ng&agrave;y c&agrave;ng c&oacute; những bước tiến mạnh mẽ trong sự nghiệp người mẫu.</p>\r\n<p style=\"box-sizing: border-box; margin: 0px;\">&nbsp;</p>\r\n<p style=\"box-sizing: border-box; margin: 0px;\">Ngo&agrave;i thời trang,&nbsp;<span style=\"box-sizing: border-box; font-weight: bold;\">Trang Khiếu</span>&nbsp;c&ograve;n trở th&agrave;nh gương mặt đại diện cho c&aacute;c thương hiệu nổi tiếng về c&ocirc;ng nghệ v&agrave; ti&ecirc;u d&ugrave;ng. C&ocirc; kh&ocirc;ng ngại l&agrave;m mới v&agrave; thử nghiệm m&igrave;nh, l&agrave; một người mẫu c&oacute; gout thời trang c&aacute; t&iacute;nh.<span style=\"box-sizing: border-box; font-weight: bold;\">Trang Khiếu</span>&nbsp;đoạt giải Người Mẫu Xuất Sắc Nhất Ch&acirc;u &Aacute;, khiến cho nhiều người mẫu ngưỡng mộ. V&agrave; hiện nay, c&ocirc; đang t&igrave;m kiếm cơ hội nhiều hơn cho m&igrave;nh ở Ch&acirc;u &Acirc;u. Năm 2012,&nbsp;<span style=\"box-sizing: border-box; font-weight: bold;\">Trang Khiếu</span>&nbsp;l&agrave; người mẫu đầu ti&ecirc;n của Việt Nam sải bước tr&ecirc;n s&agrave;n diễn New York Fashion Week, c&ocirc; c&ograve;n xuất hiện tr&ecirc;n nhiều tạp ch&iacute; h&agrave;ng đầu thế giới như: Happer Bazaar, ELLE,... Phải n&oacute;i,&nbsp;<span style=\"box-sizing: border-box; font-weight: bold;\">Trang Khiếu</span>&nbsp;kh&aacute; th&agrave;nh c&ocirc;ng trong sự nghiệp của m&igrave;nh.</p>\r\n</div>\r\n<div class=\"dsp_media\" style=\"box-sizing: border-box; padding: 10px 10px 10px 0px; color: #333333; font-family: \'Helvetica Neue\', Helvetica, Arial, sans-serif; font-size: 14px; text-align: justify; background-color: #f2f2f2;\">\r\n<figure style=\"box-sizing: border-box; display: block; margin: 0px;\"><img class=\"img-responsive click_to_view_large round_img\" style=\"box-sizing: border-box; border: 1px solid #f2f2f2; vertical-align: middle; display: block; max-width: 100%; height: auto; border-radius: 10px;\" src=\"https://toplist.vn/images/800px/trang-khieu-53085.jpg\" alt=\"Trang Khiếu kh&aacute;c lạ tr&ecirc;n b&igrave;a tạp ch&iacute; Bazaar.\" data-toggle=\"modal\" data-target=\"#large_image\" />\r\n<figcaption style=\"box-sizing: border-box;\"><em class=\"text-center\" style=\"box-sizing: border-box;\">Trang Khiếu kh&aacute;c lạ tr&ecirc;n b&igrave;a tạp ch&iacute; Bazaar.</em></figcaption>\r\n</figure>\r\n</div>\r\n<div class=\"dsp_media\" style=\"box-sizing: border-box; padding: 10px 10px 10px 0px; color: #333333; font-family: \'Helvetica Neue\', Helvetica, Arial, sans-serif; font-size: 14px; text-align: justify; background-color: #f2f2f2;\">\r\n<figure style=\"box-sizing: border-box; display: block; margin: 0px;\"><img class=\"img-responsive click_to_view_large round_img\" style=\"box-sizing: border-box; border: 1px solid #f2f2f2; vertical-align: middle; display: block; max-width: 100%; height: auto; border-radius: 10px;\" src=\"https://toplist.vn/images/800px/trang-khieu-53088.jpg\" alt=\"Phong c&aacute;ch v&agrave; biểu cảm khu&ocirc;n mặt kh&ocirc;ng k&eacute;m g&igrave; c&aacute;c người mẫu nước ngo&agrave;i.\" data-toggle=\"modal\" data-target=\"#large_image\" />\r\n<figcaption style=\"box-sizing: border-box;\"><em class=\"text-center\" style=\"box-sizing: border-box;\">Phong c&aacute;ch v&agrave; biểu cảm khu&ocirc;n mặt kh&ocirc;ng k&eacute;m g&igrave; c&aacute;c người mẫu nước ngo&agrave;i.</em></figcaption>\r\n</figure>\r\n</div>', 450, 0, '2021-02-19 03:12:44', NULL, 17, 11),
(88, 'Xuân Lan', 'product/602f81482b90f--602f81482b911--270d420c48229ca09c0672a0a46faa0f.jpg', 171, '<div style=\"box-sizing: border-box; color: #333333; font-family: \'Helvetica Neue\', Helvetica, Arial, sans-serif; font-size: 14px; text-align: justify; background-color: #f2f2f2; margin-top: 3px;\">\r\n<p style=\"box-sizing: border-box; margin: 0px;\"><span style=\"box-sizing: border-box; font-weight: bold;\">Xu&acirc;n Lan</span>&nbsp;được xếp v&agrave;o thế hệ người mẫu thời k&igrave; đầu. Sinh năm 1978, tức năm nay đ&atilde; gần 40 nhưng th&acirc;n h&igrave;nh c&ocirc; vẫn rất quyến rũ với chiều cao 1m71 v&agrave; số đo ba v&ograve;ng 83-59-90. Th&acirc;n h&igrave;nh mỏng manh nhưng chuyện nghiệp, cộng th&ecirc;m khu&ocirc;n mặt g&oacute;c cạnh c&aacute; t&iacute;nh,&nbsp;<span style=\"box-sizing: border-box; font-weight: bold;\">Xu&acirc;n Lan</span>&nbsp;đ&atilde; k&iacute; kh&ocirc;ng biết bao nhi&ecirc;u hợp đồng trong nước v&agrave; ngo&agrave;i nước. Được xem l&agrave; \"Kate Moss VietNam\". Ngo&agrave;i ra c&ocirc; c&ograve;n tham gia một số phim như: Những c&ocirc; g&aacute;i ch&acirc;n d&agrave;i, T&oacute;c rối, S&aacute;t thủ hai mảnh,... Được mời l&agrave;m gi&aacute;m khảo Người Mẫu Việt Nam: VietNam\'s Next Top Model m&ugrave;a 2, 3 v&agrave; 5. Với khả năng truyền đạt v&agrave; tinh thần cứng rắn của m&igrave;nh, c&aacute;c học tr&ograve; của c&ocirc; cũng trở n&ecirc;n v&ocirc; c&ugrave;ng nổi tiếng v&agrave; s&aacute;ng gi&aacute;.</p>\r\n<p style=\"box-sizing: border-box; margin: 0px;\">&nbsp;</p>\r\n<p style=\"box-sizing: border-box; margin: 0px;\">C&ocirc; từng c&oacute; cuộc t&igrave;nh 7 năm dang dở với một nam ca sĩ đồng t&iacute;nh, chịu nhiều tổn thương khi thời điểm đ&oacute; chưa &yacute; thức được r&otilde; r&agrave;ng về thế giới thứ ba. Năm 2009, si&ecirc;u mẫu<span style=\"box-sizing: border-box; font-weight: bold;\">&nbsp;Xu&acirc;n Lan</span>&nbsp;l&ecirc;n xe hoa c&ugrave;ng ph&oacute; đạo diễn Th&agrave;nh Nam. Nhưng cuộc h&ocirc;n nh&acirc;n ch&oacute;ng t&agrave;n bởi giữa hai người kh&ocirc;ng c&oacute; sự h&ograve;a hợp v&agrave; cảm th&ocirc;ng. Ly h&ocirc;n được 3 năm,&nbsp;<span style=\"box-sizing: border-box; font-weight: bold;\">Xu&acirc;n Lan</span>&nbsp;bước v&agrave;o cuộc t&igrave;nh với người đ&agrave;n &ocirc;ng mới v&agrave; mang thai b&eacute; Thỏ. Tuy nhi&ecirc;n, hạnh ph&uacute;c của c&ocirc; cũng kh&ocirc;ng trọn vẹn khi người đ&agrave;n &ocirc;ng đ&oacute; đ&atilde; c&oacute; gia đ&igrave;nh v&agrave; h&ocirc;n nh&acirc;n đang rạn nứt. Kể từ đ&oacute;, nữ si&ecirc;u mẫu l&agrave;m mẹ đơn th&acirc;n, chăm s&oacute;c con g&aacute;i nhỏ. C&ocirc; gần như kh&ocirc;ng chia sẻ về cuộc sống ri&ecirc;ng tr&ecirc;n mạng x&atilde; hội.</p>\r\n</div>\r\n<div class=\"dsp_media\" style=\"box-sizing: border-box; padding: 10px 10px 10px 0px; color: #333333; font-family: \'Helvetica Neue\', Helvetica, Arial, sans-serif; font-size: 14px; text-align: justify; background-color: #f2f2f2;\">\r\n<figure style=\"box-sizing: border-box; display: block; margin: 0px;\"><img class=\"img-responsive click_to_view_large round_img\" style=\"box-sizing: border-box; border: 1px solid #f2f2f2; vertical-align: middle; display: block; max-width: 100%; height: auto; border-radius: 10px;\" src=\"https://toplist.vn/images/800px/xuan-lan-53917.jpg\" alt=\"Hi&ecirc;n tại Xu&acirc;n Lan c&ograve;n l&agrave; một đạo diễn thời trang nổi tiếng tại Việt Nam.\" data-toggle=\"modal\" data-target=\"#large_image\" />\r\n<figcaption style=\"box-sizing: border-box;\"><em class=\"text-center\" style=\"box-sizing: border-box;\">Hi&ecirc;n tại Xu&acirc;n Lan c&ograve;n l&agrave; một đạo diễn thời trang nổi tiếng tại Việt Nam.</em></figcaption>\r\n</figure>\r\n</div>\r\n<div class=\"dsp_media\" style=\"box-sizing: border-box; padding: 10px 10px 10px 0px; color: #333333; font-family: \'Helvetica Neue\', Helvetica, Arial, sans-serif; font-size: 14px; text-align: justify; background-color: #f2f2f2;\">\r\n<figure style=\"box-sizing: border-box; display: block; margin: 0px;\"><img class=\"img-responsive click_to_view_large round_img\" style=\"box-sizing: border-box; border: 1px solid #f2f2f2; vertical-align: middle; display: block; max-width: 100%; height: auto; border-radius: 10px;\" src=\"https://toplist.vn/images/800px/xuan-lan-53918.jpg\" alt=\"Th&acirc;n m&igrave;nh mảnh khảnh c&ugrave;ng với gương mặt lạnh l&ugrave;ng, khiến c&ocirc; trở n&ecirc;n sắc sảo hơn trong từng bức h&igrave;nh.\" data-toggle=\"modal\" data-target=\"#large_image\" />\r\n<figcaption style=\"box-sizing: border-box;\"><em class=\"text-center\" style=\"box-sizing: border-box;\">Th&acirc;n m&igrave;nh mảnh khảnh c&ugrave;ng với gương mặt lạnh l&ugrave;ng, khiến c&ocirc; trở n&ecirc;n sắc sảo hơn trong từng bức h&igrave;nh.</em></figcaption>\r\n</figure>\r\n</div>', 320, 0, '2021-02-19 03:13:44', NULL, 18, 12),
(89, 'Hương Ly', 'product/602f81c0d7c3e--602f81c0d7c40--b19e71c84444709795ac41a3b76001d6.jpg', 177, '<div style=\"box-sizing: border-box; color: #333333; font-family: \'Helvetica Neue\', Helvetica, Arial, sans-serif; font-size: 14px; text-align: justify; background-color: #f2f2f2; margin-top: 3px;\">\r\n<p style=\"box-sizing: border-box; margin: 0px;\"><span style=\"box-sizing: border-box; font-weight: bold;\">Hương Ly</span>&nbsp;l&agrave; người mẫu Việt Nam sinh năm 1995, sở hữu v&oacute;c d&aacute;ng ho&agrave;n hảo với chiều cao 1m77 c&ugrave;ng với số đo ba v&ograve;ng l&agrave; 81-57-87. Sau khi trở th&agrave;nh qu&aacute;n qu&acirc;n của chương tr&igrave;nh Người Mẫu Việt Nam: VietNam\'s Next Top Model 2015 th&igrave; cuộc sống của c&ocirc; n&agrave;ng c&oacute; kh&aacute; nhiều sự thay đổi, c&ocirc; c&oacute; một cuộc sống tốt hơn v&agrave; c&oacute; cơ hội tr&igrave;nh diễn tr&ecirc;n những s&agrave;n diễn lớn. Hiện tại, Hương Ly đang cố gắng học hỏi th&ecirc;m nhiều kinh nghiệm để c&oacute; được nhiều cơ hội tr&ecirc;n s&agrave;n diễn quốc tế.</p>\r\n<p style=\"box-sizing: border-box; margin: 0px;\">&nbsp;</p>\r\n<p style=\"box-sizing: border-box; margin: 0px;\">Ưu điểm của&nbsp;<span style=\"box-sizing: border-box; font-weight: bold;\">Hương Ly</span>&nbsp;đ&oacute; l&agrave; bản t&iacute;nh quyết liệt, tuy li&ecirc;n tục bị thất bại trong c&aacute;c thử th&aacute;ch đầu ti&ecirc;n, nhưng m&agrave; c&ocirc; g&aacute;i lại &iacute;t khi nản ch&iacute;. Sau khi c&ocirc; gi&agrave;nh được ng&ocirc;i vị Qu&aacute;n qu&acirc;n &ldquo;Vietnam&rsquo;s Next Top Model 2015&rdquo;, th&igrave; cuộc sống của&nbsp;<span style=\"box-sizing: border-box; font-weight: bold;\">Hương Ly</span>&nbsp;đ&atilde; thay đổi rất nhiều. Con đường theo đuổi niềm đam m&ecirc; của Hương Ly mở rộng c&ugrave;ng những cơ hội ph&aacute;t triển sự nghiệp đ&atilde; được mở ra.</p>\r\n</div>\r\n<div class=\"dsp_media\" style=\"box-sizing: border-box; padding: 10px 10px 10px 0px; color: #333333; font-family: \'Helvetica Neue\', Helvetica, Arial, sans-serif; font-size: 14px; text-align: justify; background-color: #f2f2f2;\">\r\n<figure style=\"box-sizing: border-box; display: block; margin: 0px;\"><img class=\"img-responsive click_to_view_large round_img\" style=\"box-sizing: border-box; border: 1px solid #f2f2f2; vertical-align: middle; display: block; max-width: 100%; height: auto; border-radius: 10px;\" src=\"https://toplist.vn/images/800px/huong-ly-53947.jpg\" alt=\"Hương Ly c&aacute; t&iacute;nh trẻ trung khi diện nguy&ecirc;n một t&ocirc;ng đen xuống phố.\" data-toggle=\"modal\" data-target=\"#large_image\" />\r\n<figcaption style=\"box-sizing: border-box;\"><em class=\"text-center\" style=\"box-sizing: border-box;\">Hương Ly c&aacute; t&iacute;nh trẻ trung khi diện nguy&ecirc;n một t&ocirc;ng đen xuống phố.</em></figcaption>\r\n</figure>\r\n</div>\r\n<div class=\"dsp_media\" style=\"box-sizing: border-box; padding: 10px 10px 10px 0px; color: #333333; font-family: \'Helvetica Neue\', Helvetica, Arial, sans-serif; font-size: 14px; text-align: justify; background-color: #f2f2f2;\">\r\n<figure style=\"box-sizing: border-box; display: block; margin: 0px;\"><img class=\"img-responsive click_to_view_large round_img\" style=\"box-sizing: border-box; border: 1px solid #f2f2f2; vertical-align: middle; display: block; max-width: 100%; height: auto; border-radius: 10px;\" src=\"https://toplist.vn/images/800px/huong-ly-53949.jpg\" alt=\"Xuất hiện tr&ecirc;n b&igrave;a tạp ch&iacute; Bazaar với bộ đồ hơi hướng cổ điển v&agrave; m&aacute;i t&oacute;c v&agrave;ng &oacute;ng khiến Hương Ly mang một n&eacute;t đẹp đậm chất Ch&acirc;u &Acirc;u.\" data-toggle=\"modal\" data-target=\"#large_image\" />\r\n<figcaption style=\"box-sizing: border-box;\"><em class=\"text-center\" style=\"box-sizing: border-box;\">Xuất hiện tr&ecirc;n b&igrave;a tạp ch&iacute; Bazaar với bộ đồ hơi hướng cổ điển v&agrave; m&aacute;i t&oacute;c v&agrave;ng &oacute;ng khiến Hương Ly mang một n&eacute;t đẹp đậm chất Ch&acirc;u &Acirc;u.</em></figcaption>\r\n</figure>\r\n</div>', 265, 0, '2021-02-19 03:15:44', NULL, 19, 13),
(90, 'Nguyễn Oanh', 'product/602f81fed79e9--602f81fed79eb--207a949290770514e1078b038b9e6cfd.jpg', 183, '<h3 class=\"media-heading\" style=\"box-sizing: border-box; font-family: \'Helvetica Neue\', Helvetica, Arial, sans-serif; font-weight: 500; line-height: 1.1; color: #333333; margin-top: 0px; margin-bottom: 5px; font-size: 20px; display: table-cell; text-align: center; vertical-align: middle; background-color: #f2f2f2;\"><span style=\"font-size: 14px; text-align: justify; box-sizing: border-box; font-weight: bold;\">Nguyễn Oanh</span><span style=\"font-size: 14px; text-align: justify;\">&nbsp;</span><span style=\"font-size: 14px; text-align: justify;\">l&agrave; người mẫu trẻ tuổi sinh năm 1996, với chiều cao khủng l&agrave; 1m83 v&agrave; số đo ba v&ograve;ng l&agrave; 80-65-95. Khi tham gia chương tr&igrave;nh Người Mẫu Việt Nam: VietNam\'s Next Top Model 2014, c&ocirc; l&agrave; một c&ocirc; g&aacute;i trẻ chưa biết g&igrave; về catwalk hay biểu cảm khu&ocirc;n mặt, nhưng với sự ki&ecirc;n quyết v&agrave; nỗ lực, c&ocirc; đ&atilde; gi&agrave;nh ng&ocirc;i vị qu&aacute;n qu&acirc;n về tay m&igrave;nh. Sau khi đoạt ng&ocirc;i vị qu&aacute;n qu&acirc;n của Vietnam&rsquo;s Nextop Model m&ugrave;a thứ 5. C&ocirc; lột x&aacute;c với những h&igrave;nh ảnh ho&agrave;n to&agrave;n mới. Từ một h&igrave;nh ảnh qu&ecirc; m&ugrave;a, mộc mạc, giờ đ&acirc;y</span><span style=\"font-size: 14px; text-align: justify;\">&nbsp;</span><span style=\"font-size: 14px; text-align: justify; box-sizing: border-box; font-weight: bold;\">Nguyễn Oanh&nbsp;</span><span style=\"font-size: 14px; text-align: justify;\">đ&atilde; trở th&agrave;nh người mẫu chuy&ecirc;n nghiệp hơn rất nhiều. Sở hữu th&acirc;n h&igrave;nh v&ocirc; c&ugrave;ng gợi cảm, c&ugrave;ng với những bộ ảnh thời trang đầy ấn tượng. V&agrave; sự nghiệp của Oanh c&agrave;ng ng&agrave;y c&agrave;ng ph&aacute;t triển hơn trong giới thời trang.</span></h3>\r\n<div style=\"box-sizing: border-box; color: #333333; font-family: \'Helvetica Neue\', Helvetica, Arial, sans-serif; font-size: 14px; text-align: justify; background-color: #f2f2f2; margin-top: 3px;\">\r\n<p style=\"box-sizing: border-box; margin: 0px;\">&nbsp;</p>\r\n<p style=\"box-sizing: border-box; margin: 0px;\">Mới đ&acirc;y nhất,<span style=\"box-sizing: border-box; font-weight: bold;\">&nbsp;Nguyễn Oanh</span>&nbsp;g&acirc;y sốt cộng đồng mạng. Khi diện bộ v&aacute;y cưới, đ&iacute;nh 5000 hạt pha l&ecirc; lấp l&aacute;nh. Với chiều cao v&agrave; gương mặt đầy c&aacute; t&iacute;nh của m&igrave;nh. Nguyễn Oanh đ&atilde; l&agrave;m nổi bật l&ecirc;n vẻ đẹp lộng lẫy v&agrave; quyến rũ của 5 bộ &aacute;o cưới.</p>\r\n</div>\r\n<div class=\"dsp_media\" style=\"box-sizing: border-box; padding: 10px 10px 10px 0px; color: #333333; font-family: \'Helvetica Neue\', Helvetica, Arial, sans-serif; font-size: 14px; text-align: justify; background-color: #f2f2f2;\">\r\n<figure style=\"box-sizing: border-box; display: block; margin: 0px;\"><img class=\"img-responsive click_to_view_large round_img\" style=\"box-sizing: border-box; border: 1px solid #f2f2f2; vertical-align: middle; display: block; max-width: 100%; height: auto; border-radius: 10px;\" src=\"https://toplist.vn/images/800px/nguyen-oanh-53962.jpg\" alt=\"Với đ&ocirc;i mắt một m&iacute; v&agrave; đ&ocirc;i m&ocirc;i gợi cảm, Nguyễn Oanh tạo n&ecirc;n n&eacute;t mới lạ cho người xem.\" data-toggle=\"modal\" data-target=\"#large_image\" />\r\n<figcaption style=\"box-sizing: border-box;\"><em class=\"text-center\" style=\"box-sizing: border-box;\">Với đ&ocirc;i mắt một m&iacute; v&agrave; đ&ocirc;i m&ocirc;i gợi cảm, Nguyễn Oanh tạo n&ecirc;n n&eacute;t mới lạ cho người xem.</em></figcaption>\r\n</figure>\r\n</div>\r\n<div class=\"dsp_media\" style=\"box-sizing: border-box; padding: 10px 10px 10px 0px; color: #333333; font-family: \'Helvetica Neue\', Helvetica, Arial, sans-serif; font-size: 14px; text-align: justify; background-color: #f2f2f2;\">\r\n<figure style=\"box-sizing: border-box; display: block; margin: 0px;\"><img class=\"img-responsive click_to_view_large round_img\" style=\"box-sizing: border-box; border: 1px solid #f2f2f2; vertical-align: middle; display: block; max-width: 100%; height: auto; border-radius: 10px;\" src=\"https://toplist.vn/images/800px/nguyen-oanh-53965.jpg\" alt=\"Xuất hiện tr&ecirc;n b&igrave;a tạp ch&iacute; F Fashion sau khi trở th&agrave;nh qu&aacute;n qu&acirc;n VietNam\'s Next Top Model.\" data-toggle=\"modal\" data-target=\"#large_image\" />\r\n<figcaption style=\"box-sizing: border-box;\"><em class=\"text-center\" style=\"box-sizing: border-box;\">Xuất hiện tr&ecirc;n b&igrave;a tạp ch&iacute; F Fashion sau khi trở th&agrave;nh qu&aacute;n qu&acirc;n VietNam\'s Next Top Model.</em></figcaption>\r\n</figure>\r\n</div>', 310, 0, '2021-02-19 03:16:46', NULL, 20, 14),
(91, 'Mâu Thủy', 'product/602f8246a2f81--602f8246a2f83--3951e88b8903670a02dd2b8ec0e9b3c8.jpg', 177, '<div style=\"box-sizing: border-box; color: #333333; font-family: \'Helvetica Neue\', Helvetica, Arial, sans-serif; font-size: 14px; text-align: justify; background-color: #f2f2f2; margin-top: 3px;\">\r\n<p style=\"box-sizing: border-box; margin: 0px;\"><span style=\"box-sizing: border-box; font-weight: bold;\">M&acirc;u Thủy</span>&nbsp;ch&iacute;nh l&agrave; một trong những c&aacute;i t&ecirc;n được t&igrave;m kiếm nhiều nhất tr&ecirc;n mạng x&atilde; hội. C&ocirc; sinh năm 1992, chiều cao 1m77 với số đo ba v&ograve;ng l&agrave; 81-65-92. Cuộc sống hiện đại, s&ocirc;i động tại th&agrave;nh phố lớn ảnh hưởng kh&aacute; mạnh đến phong c&aacute;ch v&agrave; cuộc sống của qu&aacute;n qu&acirc;n m&ugrave;a 4. Ngay từ l&uacute;c b&eacute;, c&ocirc; g&aacute;i họ M&acirc;u đ&atilde; lu&ocirc;n thể hiện t&iacute;nh c&aacute;ch tinh nghịch, th&ocirc;ng minh. C&ocirc; cho biết khi c&ograve;n l&agrave; học sinh tiểu học của trường Bạch Đằng, c&ocirc; đ&atilde; sớm thể hiện niềm đam m&ecirc; với To&aacute;n học v&agrave; l&agrave; học sinh xuất sắc 5 năm liền của trường. Bước qua thời trung học, c&ocirc; lại say m&ecirc; với bộ m&ocirc;n H&oacute;a v&agrave; trở th&agrave;nh c&ocirc; học sinh giỏi h&oacute;a nhất nh&igrave; trong lớp. C&oacute; lẽ c&agrave;ng lớn, t&acirc;n qu&aacute;n qu&acirc;n Vietnam&rsquo;s Next Top Model lu&ocirc;n biết tự m&igrave;nh kh&aacute;m ph&aacute; những khả năng tiềm ẩn của bản th&acirc;n v&agrave; ph&aacute;t huy những t&agrave;i năng đ&oacute; c&oacute; theo c&aacute;ch ri&ecirc;ng.</p>\r\n<p style=\"box-sizing: border-box; margin: 0px;\">&nbsp;</p>\r\n<p style=\"box-sizing: border-box; margin: 0px;\">Sau khi gi&agrave;nh chiến thắng trong chương tr&igrave;nh Người Mẫu Việt Nam: VietNam\'s Next Top Model m&ugrave;a thứ 4 th&igrave;&nbsp;<span style=\"box-sizing: border-box; font-weight: bold;\">M&acirc;u Thủy</span>&nbsp;đ&atilde; trở n&ecirc;n v&ocirc; c&ugrave;ng nổi tiếng trong giới người mẫu v&agrave; thời trang.&nbsp;<span style=\"box-sizing: border-box; font-weight: bold;\">M&acirc;u Thủy</span>&nbsp;c&oacute; nhiều cơ hội l&agrave;m việc với d&agrave;n ekip nước ngo&agrave;i n&ecirc;n sự nghiệp của c&ocirc; v&ocirc; c&ugrave;ng ph&aacute;t triển, ngo&agrave;i ra c&ograve;n hợp t&aacute;c với c&aacute;c nh&atilde;n h&agrave;ng hay mỹ phẩm nổi tiếng tr&ecirc;n thế giới. C&ocirc; được rất nhiều người khen ngợi bởi khả năng l&agrave;m việc chuy&ecirc;n nghiệp, th&acirc;n h&igrave;nh đ&uacute;ng chuẩn người mẫu v&agrave; khu&ocirc;n mặt g&oacute;c cạnh. V&agrave; mới đ&acirc;y c&ocirc; tạo dấu ấn mạnh mẽ khi tham gia đ&oacute;ng quảng c&aacute;o c&ugrave;ng thi&ecirc;n thần nội y Victoria\'s Secret.</p>\r\n</div>\r\n<div class=\"dsp_media\" style=\"box-sizing: border-box; padding: 10px 10px 10px 0px; color: #333333; font-family: \'Helvetica Neue\', Helvetica, Arial, sans-serif; font-size: 14px; text-align: justify; background-color: #f2f2f2;\">\r\n<figure style=\"box-sizing: border-box; display: block; margin: 0px;\"><img class=\"img-responsive click_to_view_large round_img\" style=\"box-sizing: border-box; border: 1px solid #f2f2f2; vertical-align: middle; display: block; max-width: 100%; height: auto; border-radius: 10px;\" src=\"https://toplist.vn/images/800px/mau-thuy-54511.jpg\" alt=\"M&acirc;u Thủy ấn tượng tr&ecirc;n b&igrave;a tạp ch&iacute; Macao.\" data-toggle=\"modal\" data-target=\"#large_image\" />\r\n<figcaption style=\"box-sizing: border-box;\"><em class=\"text-center\" style=\"box-sizing: border-box;\">M&acirc;u Thủy ấn tượng tr&ecirc;n b&igrave;a tạp ch&iacute; Macao.</em></figcaption>\r\n</figure>\r\n</div>\r\n<div class=\"dsp_media\" style=\"box-sizing: border-box; padding: 10px 10px 10px 0px; color: #333333; font-family: \'Helvetica Neue\', Helvetica, Arial, sans-serif; font-size: 14px; text-align: justify; background-color: #f2f2f2;\">\r\n<figure style=\"box-sizing: border-box; display: block; margin: 0px;\"><img class=\"img-responsive click_to_view_large round_img\" style=\"box-sizing: border-box; border: 1px solid #f2f2f2; vertical-align: middle; display: block; max-width: 100%; height: auto; border-radius: 10px;\" src=\"https://toplist.vn/images/800px/mau-thuy-54512.jpg\" alt=\"Phong c&aacute;ch của c&ocirc; được xếp v&agrave;o h&agrave;ng ngũ những người c&oacute; phong c&aacute;ch street style đẹp nhất, kh&ocirc;ng cầu k&igrave; nhưng đủ tạo ấn tượng.\" data-toggle=\"modal\" data-target=\"#large_image\" />\r\n<figcaption style=\"box-sizing: border-box;\"><em class=\"text-center\" style=\"box-sizing: border-box;\">Phong c&aacute;ch của c&ocirc; được xếp v&agrave;o h&agrave;ng ngũ những người c&oacute; phong c&aacute;ch street style đẹp nhất, kh&ocirc;ng cầu k&igrave; nhưng đủ tạo ấn tượng.</em></figcaption>\r\n</figure>\r\n</div>', 356, 0, '2021-02-19 03:17:58', NULL, 11, 15),
(92, 'Lan Khuê', 'product/602f8281c7e63--602f8281c7e65--420c9f1f29d19108aaa277daddb75e52.jpg', 176, '<div style=\"box-sizing: border-box; color: #333333; font-family: \'Helvetica Neue\', Helvetica, Arial, sans-serif; font-size: 14px; text-align: justify; background-color: #f2f2f2; margin-top: 3px;\">\r\n<p style=\"box-sizing: border-box; margin: 0px;\">Chắc hẳn ai cũng biết&nbsp;<span style=\"box-sizing: border-box; font-weight: bold;\">Lan Khu&ecirc;</span>&nbsp;ch&iacute;nh l&agrave; một trong ba gi&aacute;m khảo trong chương tr&igrave;nh ăn kh&aacute;ch The Face. Sở hữu chiều cao 1m76, c&ugrave;ng với số đo ba v&ograve;ng l&agrave; 85-60-90, người mẫu sinh năm 1992 n&agrave;y kh&aacute; l&agrave; th&agrave;nh c&ocirc;ng tr&ecirc;n sự nghiệp cuả m&igrave;nh. C&ocirc; l&agrave; một người mẫu kh&aacute; xuất sắc của Việt Nam khi li&ecirc;n tục nhận về c&aacute;c giải thưởng lớn như: giải v&agrave;ng Si&ecirc;u Mẫu Việt Nam 2013, trở th&agrave;nh Si&ecirc;u Mẫu Triển Vọng trong Si&ecirc;u Mẫu Việt Nam 2012, lọt v&agrave;o top 5 giải thưởng được xem l&agrave; Oscar của ng&agrave;nh thời trang Ch&acirc;u &Aacute;. Ngo&agrave;i ra, c&ocirc; c&ograve;n đại diện Việt Nam tr&ecirc;n đấu trường nhan sắc lớn nhất thế giới - Hoa Hậu Thế Giới 2015. Theo trang Global Beauties,&nbsp;<span style=\"box-sizing: border-box; font-weight: bold;\">Trần Ngọc Lan Khu&ecirc;</span>&nbsp;l&agrave; đại diện duy nhất của Việt Nam lọt v&agrave;o danh s&aacute;ch 50 mỹ nh&acirc;n đẹp nhất thế giới năm 2016.</p>\r\n<p style=\"box-sizing: border-box; margin: 0px;\">&nbsp;</p>\r\n<p style=\"box-sizing: border-box; margin: 0px;\">C&aacute;c th&agrave;nh c&ocirc;ng m&agrave;<span style=\"box-sizing: border-box; font-weight: bold;\">&nbsp;Lan Khu&ecirc;</span>&nbsp;gặt h&aacute;i được khiến rất nhiều người ngưỡng mộ: Giải Si&ecirc;u Mẫu triển vọng tại Si&ecirc;u mẫu Việt Nam 2012, Giải &Aacute; qu&acirc;n 2 cuộc thi Si&ecirc;u Mẫu Ch&acirc;u &Aacute; tại Trung Quốc năm 2012, Giải v&agrave;ng tại cuộc thi Si&ecirc;u Mẫu Việt Nam 2013, Giải &Aacute; qu&acirc;n 1 cuộc thi New Silk Road Model Look tại Philippines năm 2013, Vinh danh trong top 5 tại giải thường Thời Trang Ch&acirc;u &Aacute; 2013, Giải thưởng Hoa Kh&ocirc;i &Aacute;o D&agrave;i Việt Nam 2014, Top 11 Hoa Hậu thế giới 2015 tại Trung Quốc, Giải thưởng Phụ nữ của năm do b&aacute;o Phụ Nữ Ng&agrave;y Nay trao tặng, Giải thưởng Herworld - T&ocirc;n vinh t&agrave;i năng trẻ do tạp ch&iacute; Herworld trao tặng.</p>\r\n</div>\r\n<div class=\"dsp_media\" style=\"box-sizing: border-box; padding: 10px 10px 10px 0px; color: #333333; font-family: \'Helvetica Neue\', Helvetica, Arial, sans-serif; font-size: 14px; text-align: justify; background-color: #f2f2f2;\">\r\n<figure style=\"box-sizing: border-box; display: block; margin: 0px;\"><img class=\"img-responsive click_to_view_large round_img\" style=\"box-sizing: border-box; border: 1px solid #f2f2f2; vertical-align: middle; display: block; max-width: 100%; height: auto; border-radius: 10px;\" src=\"https://toplist.vn/images/800px/lan-khue-54845.jpg\" alt=\"Phong c&aacute;ch trang điểm v&agrave; thần th&aacute;i khu&ocirc;n mặt khiến Lan Khu&ecirc; v&ocirc; c&ugrave;ng sắc sảo v&agrave; lạnh l&ugrave;ng.\" data-toggle=\"modal\" data-target=\"#large_image\" />\r\n<figcaption style=\"box-sizing: border-box;\"><em class=\"text-center\" style=\"box-sizing: border-box;\">Phong c&aacute;ch trang điểm v&agrave; thần th&aacute;i khu&ocirc;n mặt khiến Lan Khu&ecirc; v&ocirc; c&ugrave;ng sắc sảo v&agrave; lạnh l&ugrave;ng.</em></figcaption>\r\n</figure>\r\n</div>\r\n<div class=\"dsp_media\" style=\"box-sizing: border-box; padding: 10px 10px 10px 0px; color: #333333; font-family: \'Helvetica Neue\', Helvetica, Arial, sans-serif; font-size: 14px; text-align: justify; background-color: #f2f2f2;\">\r\n<figure style=\"box-sizing: border-box; display: block; margin: 0px;\"><img class=\"img-responsive click_to_view_large round_img\" style=\"box-sizing: border-box; border: 1px solid #f2f2f2; vertical-align: middle; display: block; max-width: 100%; height: auto; border-radius: 10px;\" src=\"https://toplist.vn/images/800px/lan-khue-54521.jpg\" alt=\"Th&acirc;n h&igrave;nh gợi cảm c&ugrave;ng với l&agrave;n da ngăm ph&ugrave; hợp với phong c&aacute;ch Ch&acirc;u &Acirc;u.\" data-toggle=\"modal\" data-target=\"#large_image\" />\r\n<figcaption style=\"box-sizing: border-box;\"><em class=\"text-center\" style=\"box-sizing: border-box;\">Th&acirc;n h&igrave;nh gợi cảm c&ugrave;ng với l&agrave;n da ngăm ph&ugrave; hợp với phong c&aacute;ch Ch&acirc;u &Acirc;u.</em></figcaption>\r\n</figure>\r\n</div>', 275, 0, '2021-02-19 03:18:57', NULL, 22, 16),
(93, 'Phạm Hương', 'product/602f836db9130--602f836db9133--67364f3cda0e5d2090ac6eb6906ac0b7.jpg', 174, '<h3 class=\"media-heading\" style=\"box-sizing: border-box; font-family: \'Helvetica Neue\', Helvetica, Arial, sans-serif; font-weight: 500; line-height: 1.1; color: #333333; margin-top: 0px; margin-bottom: 5px; font-size: 20px; display: table-cell; text-align: center; vertical-align: middle; background-color: #f2f2f2;\">Phạm Hương</h3>\r\n<div style=\"box-sizing: border-box; color: #333333; font-family: \'Helvetica Neue\', Helvetica, Arial, sans-serif; font-size: 14px; text-align: justify; background-color: #f2f2f2; margin-top: 3px;\">\r\n<p style=\"box-sizing: border-box; margin: 0px;\">Sinh năm 1991, với chiều cao l&agrave; 1m74 c&ugrave;ng với số đo ba v&ograve;ng chuẩn l&agrave; 80-59-93,&nbsp;<span style=\"box-sizing: border-box; font-weight: bold;\">Phạm Hương</span>&nbsp;l&agrave; một trong</p>\r\n<p style=\"box-sizing: border-box; margin: 0px;\">những c&aacute;i t&ecirc;n được t&igrave;m kiếm nhiều nhất v&agrave; được c&aacute;nh b&aacute;o ch&iacute; đặt biệt danh l&agrave; Hoa Hậu Quốc D&acirc;n. Một trong</p>\r\n<p style=\"box-sizing: border-box; margin: 0px;\">số những giải thưởng của c&ocirc; ti&ecirc;u biểu nhất l&agrave; qu&aacute;n qu&acirc;n Hoa Hậu Ho&agrave;n Vũ Việt Nam 2015, t&ecirc;n tuổi của</p>\r\n<p style=\"box-sizing: border-box; margin: 0px;\">c&ocirc; được rất nhiều người biết đến, ch&iacute;nh v&igrave; thế&nbsp;<span style=\"box-sizing: border-box; font-weight: bold;\">Phạm Hương</span>&nbsp;c&agrave;ng ng&agrave;y c&agrave;ng khẳng định m&igrave;nh trong sự nghiệp</p>\r\n<p style=\"box-sizing: border-box; margin: 0px;\">người mẫu.</p>\r\n<p style=\"box-sizing: border-box; margin: 0px;\">&nbsp;</p>\r\n<p style=\"box-sizing: border-box; margin: 0px;\">Năm 2016&nbsp;<span style=\"box-sizing: border-box; font-weight: bold;\">Phạm Hương</span>&nbsp;được mời l&agrave;m Huấn luyện vi&ecirc;n The Face Vietnam - Gương mặt thương hiệu, 2017: Gi&aacute;m khảo cố vấn T&ocirc;i l&agrave; Hoa hậu Ho&agrave;n Vũ Việt Nam, Huấn luyện vi&ecirc;n The Look Vietnam, 2018: Nh&agrave; kinh doanh thời trang. Sang Mỹ định cư: Hợp t&aacute;c với c&ocirc;ng ty quản l&iacute; mới Renew Artists (Mỹ). Giữa năm 2018 (th&aacute;ng 9), c&ocirc; bất ngờ vắng b&oacute;ng trong c&aacute;c hoạt động nghệ thuật tại Việt Nam, định cư sang Mỹ điều trị bệnh tuyến gi&aacute;p đồng thời ph&aacute;t triển sự nghiệp người mẫu tại đ&acirc;y. C&ocirc; k&iacute; hợp đồng để đầu qu&acirc;n cho Renew Artists LLC - một c&ocirc;ng ty người mẫu được th&agrave;nh lập tại Hawaii (Mỹ) với t&ecirc;n nghệ danh Bee. V&agrave; đến năm 2019 c&ocirc; ph&aacute;t triển sự nghiệp người mẫu tại Mỹ. Hiện tại&nbsp;<span style=\"box-sizing: border-box; font-weight: bold;\">Phạm Hương</span>&nbsp;đang ph&aacute;t triển đỉnh cao sự nghiệp tại Mỹ.</p>\r\n</div>\r\n<div class=\"dsp_media\" style=\"box-sizing: border-box; padding: 10px 10px 10px 0px; color: #333333; font-family: \'Helvetica Neue\', Helvetica, Arial, sans-serif; font-size: 14px; text-align: justify; background-color: #f2f2f2;\">\r\n<figure style=\"box-sizing: border-box; display: block; margin: 0px;\"><img class=\"img-responsive click_to_view_large round_img\" style=\"box-sizing: border-box; border: 1px solid #f2f2f2; vertical-align: middle; display: block; max-width: 100%; height: auto; border-radius: 10px;\" src=\"https://toplist.vn/images/800px/pham-huong-54527.jpg\" alt=\"Nhan sắc mặn m&agrave; quyến rũ của Phạm Hương khiến nhiều người kh&ocirc;ng thể rời mắt.\" data-toggle=\"modal\" data-target=\"#large_image\" />\r\n<figcaption style=\"box-sizing: border-box;\"><em class=\"text-center\" style=\"box-sizing: border-box;\">Nhan sắc mặn m&agrave; quyến rũ của Phạm Hương khiến nhiều người kh&ocirc;ng thể rời mắt.</em></figcaption>\r\n</figure>\r\n</div>\r\n<div class=\"dsp_media\" style=\"box-sizing: border-box; padding: 10px 10px 10px 0px; color: #333333; font-family: \'Helvetica Neue\', Helvetica, Arial, sans-serif; font-size: 14px; text-align: justify; background-color: #f2f2f2;\">\r\n<figure style=\"box-sizing: border-box; display: block; margin: 0px;\"><img class=\"img-responsive click_to_view_large round_img\" style=\"box-sizing: border-box; border: 1px solid #f2f2f2; vertical-align: middle; display: block; max-width: 100%; height: auto; border-radius: 10px;\" src=\"https://toplist.vn/images/800px/pham-huong-54528.jpg\" alt=\"Khu&ocirc;n mặt của Phạm Hương kh&aacute; giống những c&ocirc; g&aacute;i Ch&acirc;u &Acirc;u.\" data-toggle=\"modal\" data-target=\"#large_image\" />\r\n<figcaption style=\"box-sizing: border-box;\"><em class=\"text-center\" style=\"box-sizing: border-box;\">Khu&ocirc;n mặt của Phạm Hương kh&aacute; giống những c&ocirc; g&aacute;i Ch&acirc;u &Acirc;u.</em></figcaption>\r\n</figure>\r\n</div>', 275, 0, '2021-02-19 03:22:53', NULL, 23, 17),
(94, 'La Thanh Thanh', 'product/602f84fd4d2ca--602f84fd4d2cd--la-thanh-thanh-54541.jpg', 154, '<div style=\"box-sizing: border-box; color: #333333; font-family: \'Helvetica Neue\', Helvetica, Arial, sans-serif; font-size: 14px; text-align: justify; background-color: #f2f2f2; margin-top: 3px;\">\r\n<p style=\"box-sizing: border-box; margin: 0px;\"><span style=\"box-sizing: border-box; font-weight: bold;\">La Thanh Thanh</span>&nbsp;hay c&ograve;n gọi l&agrave;&nbsp;<span style=\"box-sizing: border-box; font-weight: bold;\">Fung La</span>&nbsp;sinh năm 1993 sở hữu chiều cao khi&ecirc;m tốn 1m54 v&agrave; số đo ba v&ograve;ng l&agrave; 75-63-94, nhưng phong th&aacute;i biểu cảm tốt đ&atilde; gi&uacute;p c&ocirc; c&oacute; được tấm v&eacute; v&agrave;o v&ograve;ng chung kết Người Mẫu Việt Nam: VietNam\'s Next Top Model 2016, c&ocirc; lu&ocirc;n biết biến tấu linh hoạt cơ thể cũng như cơ mặt, lu&ocirc;n tạo ra những shoot h&igrave;nh ấn tượng v&agrave; li&ecirc;n tục l&agrave;m thủ lĩnh của ng&ocirc;i nh&agrave; chung. Chiều cao kh&ocirc;ng thể ngăn cản niềm đam m&ecirc; l&agrave;m người mẫu của&nbsp;<span style=\"box-sizing: border-box; font-weight: bold;\">La Thanh Thanh</span>, khi c&ocirc; li&ecirc;n tục c&oacute; những tấm h&igrave;nh kh&aacute; chất v&agrave; phong c&aacute;ch khiến nhiều người trầm trồ khen ngợi.</p>\r\n<p style=\"box-sizing: border-box; margin: 0px;\">&nbsp;</p>\r\n<p style=\"box-sizing: border-box; margin: 0px;\">Kh&ocirc;ng chỉ vậy c&ocirc; c&ograve;n gặt h&aacute;i được nhiều th&agrave;nh c&ocirc;ng. Cụ thể,&nbsp;<span style=\"box-sizing: border-box; font-weight: bold;\">Fung La</span>&nbsp;từng gi&agrave;nh giải &Aacute; qu&acirc;n Vietnam\'s Next Top Model 2016. Kh&ocirc;ng những vậy, c&ocirc; n&agrave;ng c&ograve;n được nhiều NTK trong nước chọn mặt gửi v&agrave;ng. C&ocirc; cũng từng đ&oacute;ng trong MV của một số ca sĩ nổi tiếng như: \"When I Cry\" (Dương Triệu Vũ), \"Only you\" (Ho&agrave;ng T&ocirc;n)...C&ocirc; được mệnh danh l&agrave; c&ocirc; người mẫu \"nấm l&ugrave;n\" của l&agrave;ng mẫu Việt Nam.</p>\r\n</div>\r\n<div class=\"dsp_media\" style=\"box-sizing: border-box; padding: 10px 10px 10px 0px; color: #333333; font-family: \'Helvetica Neue\', Helvetica, Arial, sans-serif; font-size: 14px; text-align: justify; background-color: #f2f2f2;\">\r\n<figure style=\"box-sizing: border-box; display: block; margin: 0px;\"><img class=\"img-responsive click_to_view_large round_img\" style=\"box-sizing: border-box; border: 1px solid #f2f2f2; vertical-align: middle; display: block; max-width: 100%; height: auto; border-radius: 10px;\" src=\"https://toplist.vn/images/800px/la-thanh-thanh-54541.jpg\" alt=\"La Thanh Thanh sở hữu n&eacute;t đẹp vừa Ch&acirc;u &Aacute; vừa Ch&acirc;u &Acirc;u khi c&ocirc; c&oacute; ba d&ograve;ng m&aacute;u Ph&aacute;p-Hoa-Việt trong người.\" data-toggle=\"modal\" data-target=\"#large_image\" />\r\n<figcaption style=\"box-sizing: border-box;\"><em class=\"text-center\" style=\"box-sizing: border-box;\">La Thanh Thanh sở hữu n&eacute;t đẹp vừa Ch&acirc;u &Aacute; vừa Ch&acirc;u &Acirc;u khi c&ocirc; c&oacute; ba d&ograve;ng m&aacute;u Ph&aacute;p-Hoa-Việt trong người.</em></figcaption>\r\n</figure>\r\n</div>\r\n<div class=\"dsp_media\" style=\"box-sizing: border-box; padding: 10px 10px 10px 0px; color: #333333; font-family: \'Helvetica Neue\', Helvetica, Arial, sans-serif; font-size: 14px; text-align: justify; background-color: #f2f2f2;\">\r\n<figure style=\"box-sizing: border-box; display: block; margin: 0px;\"><img class=\"img-responsive click_to_view_large round_img\" style=\"box-sizing: border-box; border: 1px solid #f2f2f2; vertical-align: middle; display: block; max-width: 100%; height: auto; border-radius: 10px;\" src=\"https://toplist.vn/images/800px/la-thanh-thanh-54543.jpg\" alt=\"Phong c&aacute;ch qu&aacute;i dị nhưng được c&ocirc; n&agrave;ng l&ecirc;n đồ kh&aacute; đẹp, c&oacute; một ch&uacute;t g&igrave; đ&oacute; hơi b&iacute; ẩn với t&ocirc;ng đen x&aacute;m.\" data-toggle=\"modal\" data-target=\"#large_image\" />\r\n<figcaption style=\"box-sizing: border-box;\"><em class=\"text-center\" style=\"box-sizing: border-box;\">Phong c&aacute;ch qu&aacute;i dị nhưng được c&ocirc; n&agrave;ng l&ecirc;n đồ kh&aacute; đẹp, c&oacute; một ch&uacute;t g&igrave; đ&oacute; hơi b&iacute; ẩn với t&ocirc;ng đen x&aacute;m.</em></figcaption>\r\n</figure>\r\n</div>', 148, 0, '2021-02-19 03:29:33', NULL, 24, 18);
INSERT INTO `products` (`id`, `name`, `images`, `height`, `description`, `price`, `status`, `created_at`, `updated_at`, `id_cate`, `id_hometown`) VALUES
(95, 'Võ Hoàng Yến', 'product/602f855749b62--602f855749b65--vo-hoang-yen-445423.jpg', 175, '<div style=\"box-sizing: border-box; color: #333333; font-family: \'Helvetica Neue\', Helvetica, Arial, sans-serif; font-size: 14px; text-align: justify; background-color: #f2f2f2; margin-top: 3px;\">\r\n<p style=\"box-sizing: border-box; margin: 0px;\"><span style=\"box-sizing: border-box; font-weight: bold;\">V&otilde; Ho&agrave;ng Yến</span>&nbsp;sinh ng&agrave;y 29 th&aacute;ng 10 năm 1988 ở tại th&agrave;nh phố Hồ Ch&iacute; Minh. C&ocirc; l&agrave; một &Aacute; hậu, l&agrave; Si&ecirc;u mẫu rất kh&aacute; nổi tiếng của Việt Nam trong năm 2009. Ho&agrave;ng Yến &iacute;t được biết đến khi l&agrave; th&iacute; sinh cuộc thi năm 2006 khi c&ocirc; lọt top 10.&nbsp;<span style=\"box-sizing: border-box; font-weight: bold;\">Ho&agrave;ng Yến</span>&nbsp;từng l&agrave; Qu&aacute;n qu&acirc;n cuộc thi Si&ecirc;u mẫu Việt nam 2008, &Aacute; hậu 1 HH Ho&agrave;n Vũ Việt Nam 2008 v&agrave; trở th&agrave;nh đại diện tham dự Hoa hậu Ho&agrave;n vũ 2009 được tổ chức tại đảo quốc Bahamas. Sau nhiều thăng trầm năm 2017,&nbsp;<span style=\"box-sizing: border-box; font-weight: bold;\">Ho&agrave;ng Yến</span>&nbsp;trở lại showbiz với vai tr&ograve; cố vấn, gi&aacute;m khảo cho chương tr&igrave;nh đ&agrave;o tạo người mẫu F- Academy, VietNam\'s Next Top Model 2017, Hoa hậu Ho&agrave;n vũ Việt Nam 2017, &hellip;</p>\r\n<p style=\"box-sizing: border-box; margin: 0px;\">&nbsp;</p>\r\n<p style=\"box-sizing: border-box; margin: 0px;\">Hơn 10 năm v&agrave;o nghề,&nbsp;<span style=\"box-sizing: border-box; font-weight: bold;\">V&otilde; Ho&agrave;ng Yến</span>&nbsp;trải qua nhiều vinh quang nhưng cũng kh&ocirc;ng &iacute;t những thăng trầm của l&agrave;ng mẫu. D&ugrave; đ&atilde; c&oacute; khoảng thời gian ngập trong tai tiếng v&agrave; trở th&agrave;nh &ldquo;Nữ ho&agrave;ng thị phi&rdquo; nhưng c&ocirc; vẫn kh&ocirc;ng từ bỏ. Sau h&agrave;ng loạt những vấp ng&atilde;, 9/2015&nbsp;<span style=\"box-sizing: border-box; font-weight: bold;\">V&otilde; Ho&agrave;ng Yến</span>&nbsp;tuy&ecirc;n bố giải nghệ để trở th&agrave;nh nữ DJ xa rời thị phi v&agrave; đến thời điểm ấy người ta tin rằng c&ocirc; đ&atilde; hết thời. Tuy nhi&ecirc;n, c&ocirc; kh&ocirc;ng phải rời bỏ đam m&ecirc; của m&igrave;nh m&agrave; d&agrave;nh một khoảng thời gian để lấy lại năng lượng. Giờ đ&acirc;y&nbsp;<span style=\"box-sizing: border-box; font-weight: bold;\">Ho&agrave;ng Yến</span>&nbsp;trở lại chững chạc, biết m&igrave;nh, biết ta, nhẹ nh&agrave;ng, s&acirc;u sắc nhưng v&ocirc; c&ugrave;ng thẳng thắn v&agrave; l&agrave; một c&aacute;i t&ecirc;n đ&igrave;nh đ&aacute;m trong giới người mẫu.</p>\r\n</div>\r\n<div class=\"dsp_media\" style=\"box-sizing: border-box; padding: 10px 10px 10px 0px; color: #333333; font-family: \'Helvetica Neue\', Helvetica, Arial, sans-serif; font-size: 14px; text-align: justify; background-color: #f2f2f2;\">\r\n<figure style=\"box-sizing: border-box; display: block; margin: 0px;\"><img class=\"img-responsive click_to_view_large round_img\" style=\"box-sizing: border-box; border: 1px solid #f2f2f2; vertical-align: middle; display: block; max-width: 100%; height: auto; border-radius: 10px;\" src=\"https://toplist.vn/images/800px/vo-hoang-yen-445423.jpg\" alt=\"Si&ecirc;u mẫu V&otilde; Ho&agrave;ng Yến\" data-toggle=\"modal\" data-target=\"#large_image\" />\r\n<figcaption style=\"box-sizing: border-box;\"><em class=\"text-center\" style=\"box-sizing: border-box;\">Si&ecirc;u mẫu V&otilde; Ho&agrave;ng Yến</em></figcaption>\r\n</figure>\r\n</div>\r\n<div class=\"dsp_media\" style=\"box-sizing: border-box; padding: 10px 10px 10px 0px; color: #333333; font-family: \'Helvetica Neue\', Helvetica, Arial, sans-serif; font-size: 14px; text-align: justify; background-color: #f2f2f2;\">\r\n<figure style=\"box-sizing: border-box; display: block; margin: 0px;\"><img class=\"img-responsive click_to_view_large round_img\" style=\"box-sizing: border-box; border: 1px solid #f2f2f2; vertical-align: middle; display: block; max-width: 100%; height: auto; border-radius: 10px;\" src=\"https://toplist.vn/images/800px/vo-hoang-yen-445424.jpg\" alt=\"Si&ecirc;u mẫu V&otilde; Ho&agrave;ng Yến\" data-toggle=\"modal\" data-target=\"#large_image\" />\r\n<figcaption style=\"box-sizing: border-box;\"><em class=\"text-center\" style=\"box-sizing: border-box;\">Si&ecirc;u mẫu V&otilde; Ho&agrave;ng Yến</em></figcaption>\r\n</figure>\r\n</div>', 265, 0, '2021-02-19 03:31:03', NULL, 21, 18),
(96, 'Nguyễn Minh Tú', 'product/602f858c2a5a9--602f858c2a5ab--nguyen-minh-tu-445430.jpg', 182, '<div style=\"box-sizing: border-box; color: #333333; font-family: \'Helvetica Neue\', Helvetica, Arial, sans-serif; font-size: 14px; text-align: justify; background-color: #f2f2f2; margin-top: 3px;\">\r\n<p style=\"box-sizing: border-box; margin: 0px;\"><span style=\"box-sizing: border-box; font-weight: bold;\">Minh T&uacute;</span>&nbsp;t&ecirc;n đầy đủ l&agrave;&nbsp;<span style=\"box-sizing: border-box; font-weight: bold;\">Nguyễn Minh T&uacute;</span>&nbsp;l&agrave; một người mẫu người Việt Nam. C&ocirc; đạt giải Bạc cuộc thi t&igrave;m kiếm người mẫu Si&ecirc;u mẫu Việt Nam 2013 v&agrave; l&agrave; &Aacute; qu&acirc;n cuộc thi Asia\'s Next Top Model 2017. C&ocirc; l&agrave; mentor The Face Việt Nam 2017. Năm 2018 c&ocirc; được trao sash v&agrave; vương miện, quyền đại diện Việt Nam tại cuộc thi Hoa hậu Si&ecirc;u quốc gia 2018. Sau đ&oacute; đ&atilde; lọt top 10 v&agrave; nhận được giải thưởng Hoa hậu Si&ecirc;u quốc gia Ch&acirc;u &Aacute; 2018.</p>\r\n<p style=\"box-sizing: border-box; margin: 0px;\">&nbsp;</p>\r\n<p style=\"box-sizing: border-box; margin: 0px;\">Si&ecirc;u mẫu Việt Nam 2011 l&agrave; bước ngoặt cuộc đời của&nbsp;<span style=\"box-sizing: border-box; font-weight: bold;\">Minh T&uacute;</span>, đ&acirc;y l&agrave; lần đầu ti&ecirc;n c&ocirc; tiếp x&uacute;c với nghề mẫu, ghi dấu những th&agrave;nh c&ocirc;ng.&nbsp;<span style=\"box-sizing: border-box; font-weight: bold;\">Minh T&uacute;</span>&nbsp;lọt top 10 chung cuộc v&agrave; gi&agrave;nh giải Si&ecirc;u mẫu c&oacute; phong c&aacute;ch tr&igrave;nh diễn ấn tượng. Năm 2012: Người mẫu trẻ ch&acirc;u &Aacute; L&agrave; đại diện Việt Nam tham gia cuộc thi Người mẫu trẻ ch&acirc;u &Aacute; 2012 tại H&agrave;n Quốc nhưng lại kh&ocirc;ng may mắn mang lại giải thưởng. D&ugrave; vậy, c&ocirc; vẫn để lại được sự ấn tượng cho ban gi&aacute;m khảo của cuộc thi. Năm 2013 trở lại với Si&ecirc;u mẫu Việt Nam c&ocirc; đ&atilde; xuất sắc đạt giải bạc v&agrave; sau đ&oacute; l&agrave; rất nhiều c&aacute;c show sự kiện lớn kh&aacute;c, c&ocirc; từng được mời l&agrave;m huấn luyện vi&ecirc;n Asia\'s Next Top Model... Đến thời điểm hiện tại&nbsp;<span style=\"box-sizing: border-box; font-weight: bold;\">Minh T&uacute;</span>&nbsp;vẫn l&agrave; một trong những c&aacute;i t&ecirc;n được nhắc đến đầu ti&ecirc;n trong l&agrave;ng người mẫu.</p>\r\n</div>\r\n<div class=\"dsp_media\" style=\"box-sizing: border-box; padding: 10px 10px 10px 0px; color: #333333; font-family: \'Helvetica Neue\', Helvetica, Arial, sans-serif; font-size: 14px; text-align: justify; background-color: #f2f2f2;\">\r\n<figure style=\"box-sizing: border-box; display: block; margin: 0px;\"><img class=\"img-responsive click_to_view_large round_img\" style=\"box-sizing: border-box; border: 1px solid #f2f2f2; vertical-align: middle; display: block; max-width: 100%; height: auto; border-radius: 10px;\" src=\"https://toplist.vn/images/800px/nguyen-minh-tu-445430.jpg\" alt=\"Người mẫu Nguyễn Minh T&uacute;\" data-toggle=\"modal\" data-target=\"#large_image\" />\r\n<figcaption style=\"box-sizing: border-box;\"><em class=\"text-center\" style=\"box-sizing: border-box;\">Người mẫu Nguyễn Minh T&uacute;</em></figcaption>\r\n</figure>\r\n</div>\r\n<div class=\"dsp_media\" style=\"box-sizing: border-box; padding: 10px 10px 10px 0px; color: #333333; font-family: \'Helvetica Neue\', Helvetica, Arial, sans-serif; font-size: 14px; text-align: justify; background-color: #f2f2f2;\">\r\n<figure style=\"box-sizing: border-box; display: block; margin: 0px;\"><img class=\"img-responsive click_to_view_large round_img\" style=\"box-sizing: border-box; border: 1px solid #f2f2f2; vertical-align: middle; display: block; max-width: 100%; height: auto; border-radius: 10px;\" src=\"https://toplist.vn/images/800px/nguyen-minh-tu-445431.jpg\" alt=\"Người mẫu Nguyễn Minh T&uacute;\" data-toggle=\"modal\" data-target=\"#large_image\" />\r\n<figcaption style=\"box-sizing: border-box;\"><em class=\"text-center\" style=\"box-sizing: border-box;\">Người mẫu Nguyễn Minh T&uacute;</em></figcaption>\r\n</figure>\r\n</div>', 245, 0, '2021-02-19 03:31:56', NULL, 25, 19),
(97, 'Hồ Ngọc Hà', 'product/602f85bcd5518--602f85bcd551b--ho-ngoc-ha-445439.jpg', 173, '<div style=\"box-sizing: border-box; color: #333333; font-family: \'Helvetica Neue\', Helvetica, Arial, sans-serif; font-size: 14px; text-align: justify; background-color: #f2f2f2; margin-top: 3px;\">\r\n<p style=\"box-sizing: border-box; margin: 0px;\"><span style=\"box-sizing: border-box; font-weight: bold;\">Hồ Ngọc H&agrave;</span>, t&ecirc;n khai sinh l&agrave; Hồ Thị Ngọc H&agrave; l&agrave; nữ ca sĩ, diễn vi&ecirc;n, người mẫu thời trang người Việt Nam.&nbsp;<span style=\"box-sizing: border-box; font-weight: bold;\">Hồ Ngọc H&agrave;</span>&nbsp;bắt đầu sự nghiệp người mẫu từ năm 15 tuổi, với chiều cao 1,73m&nbsp;<span style=\"box-sizing: border-box; font-weight: bold;\">Hồ Ngọc H&agrave;</span>&nbsp;bước ch&acirc;n l&ecirc;n s&agrave;n diễn thời trang v&agrave; gặt h&aacute;i nhiều giải thưởng như: giải nh&igrave; Si&ecirc;u mẫu H&agrave; Nội, giải nhất Si&ecirc;u mẫu Việt Nam v&agrave; giải nh&igrave; cuộc thi T&igrave;m kiếm Si&ecirc;u mẫu ch&acirc;u &Aacute;. Năm 2003, v&agrave;o Th&agrave;nh phố Hồ Ch&iacute; Minh,&nbsp;<span style=\"box-sizing: border-box; font-weight: bold;\">Hồ Ngọc H&agrave;</span>&nbsp;ch&iacute;nh thức bước l&ecirc;n s&acirc;n khấu với tư c&aacute;ch ca sĩ khi tham gia chương tr&igrave;nh Người đẹp h&aacute;t.</p>\r\n<p style=\"box-sizing: border-box; margin: 0px;\">&nbsp;</p>\r\n<p style=\"box-sizing: border-box; margin: 0px;\">Những năm đầu 2000, c&aacute;i t&ecirc;n&nbsp;<span style=\"box-sizing: border-box; font-weight: bold;\">Hồ Ngọc H&agrave;</span>&nbsp;đ&atilde; thực sự l&agrave; một người mẫu c&oacute; tiếng, l&agrave;m mưa l&agrave;m gi&oacute; tr&ecirc;n c&aacute;c s&agrave;n catwalk ở miền Bắc v&igrave; sở hữu chiều cao 1,73m v&agrave; n&eacute;t đẹp lai t&acirc;y ấn tượng. Đặc biệt nhất,&nbsp;<span style=\"box-sizing: border-box; font-weight: bold;\">Hồ Ngọc H&agrave;</span>&nbsp;đ&atilde; xuất sắc gi&agrave;nh được giải nh&igrave; cuộc thi Si&ecirc;u mẫu Việt Nam 2002 khi vừa tr&ograve;n 18 tuổi. Sau đ&oacute; c&ocirc; đ&atilde; chuyển sang lĩnh vực điện ảnh v&agrave; ca h&aacute;t, ở mọi vai tr&ograve; c&ocirc; đều thể hiện rất xuất sắc. Sau hơn 15 năm hoạt động trong l&agrave;ng giải tr&iacute; với c&aacute;c vai tr&ograve; người mẫu, diễn vi&ecirc;n, ca sỹ, hiện tại&nbsp;<span style=\"box-sizing: border-box; font-weight: bold;\">H&agrave; Hồ</span>&nbsp;đang được xếp hạng l&agrave; ng&ocirc;i sao hạng A, nữ nghệ sỹ đa t&agrave;i của showbiz Việt.</p>\r\n</div>\r\n<div class=\"dsp_media\" style=\"box-sizing: border-box; padding: 10px 10px 10px 0px; color: #333333; font-family: \'Helvetica Neue\', Helvetica, Arial, sans-serif; font-size: 14px; text-align: justify; background-color: #f2f2f2;\">\r\n<figure style=\"box-sizing: border-box; display: block; margin: 0px;\"><img class=\"img-responsive click_to_view_large round_img\" style=\"box-sizing: border-box; border: 1px solid #f2f2f2; vertical-align: middle; display: block; max-width: 100%; height: auto; border-radius: 10px;\" src=\"https://toplist.vn/images/800px/ho-ngoc-ha-445439.jpg\" alt=\"Người mẫu, ca sĩ, diễn vi&ecirc;n Hồ Ngọc H&agrave;\" data-toggle=\"modal\" data-target=\"#large_image\" />\r\n<figcaption style=\"box-sizing: border-box;\"><em class=\"text-center\" style=\"box-sizing: border-box;\">Người mẫu, ca sĩ, diễn vi&ecirc;n Hồ Ngọc H&agrave;</em></figcaption>\r\n</figure>\r\n</div>\r\n<div class=\"dsp_media\" style=\"box-sizing: border-box; padding: 10px 10px 10px 0px; color: #333333; font-family: \'Helvetica Neue\', Helvetica, Arial, sans-serif; font-size: 14px; text-align: justify; background-color: #f2f2f2;\">\r\n<figure style=\"box-sizing: border-box; display: block; margin: 0px;\"><img class=\"img-responsive click_to_view_large round_img\" style=\"box-sizing: border-box; border: 1px solid #f2f2f2; vertical-align: middle; display: block; max-width: 100%; height: auto; border-radius: 10px;\" src=\"https://toplist.vn/images/800px/ho-ngoc-ha-445440.jpg\" alt=\"Người mẫu, ca sĩ, diễn vi&ecirc;n Hồ Ngọc H&agrave;\" data-toggle=\"modal\" data-target=\"#large_image\" />\r\n<figcaption style=\"box-sizing: border-box;\"><em class=\"text-center\" style=\"box-sizing: border-box;\">Người mẫu, ca sĩ, diễn vi&ecirc;n Hồ Ngọc H&agrave;</em></figcaption>\r\n</figure>\r\n</div>', 310, 0, '2021-02-19 03:32:44', NULL, 26, 20),
(98, 'Trần Thị Tuyết ', 'product/602f9ee8d164f--602f9ee8d1654--954a2ddd_f038_4a9c_854e_5ac723ce5dd8_vfoo.jpeg', 180, '<p style=\"box-sizing: border-box; margin: 0px 0px 15px; font-size: 15px; line-height: 2.5rem; font-family: roboto, \'Helvetica Neue\', Helvetica, Arial, sans-serif; color: #333333; background-color: #ffffff;\"><span style=\"box-sizing: border-box;\">Th&iacute; sinh Trần Thị Tuyết (hay c&ograve;n gọi l&agrave; Tuyết Trần)sinh năm 1995, đến từ B&igrave;nh Thuận. Tuyết Trần đ&atilde; tốt nghiệp trường Cao đẳng Ph&aacute;t thanh Truyền h&igrave;nh II. Tại cuộc thi Si&ecirc;u mẫu Việt Nam 2018, Tuyết Trần thuộc team của HLV Kỳ Duy&ecirc;n. C&ocirc; n&agrave;ng được ch&uacute; &yacute; khi lọt Top 5 th&iacute; sinh được b&igrave;nh chọn cao nhất Best Body.</span></p>\r\n<div style=\"box-sizing: border-box; margin-bottom: 15px; font-size: 15px; line-height: 2.5rem; font-family: roboto, \'Helvetica Neue\', Helvetica, Arial, sans-serif; color: #333333; background-color: #ffffff;\">\r\n<div class=\"article-photo inlinephoto\" style=\"box-sizing: border-box; margin-bottom: 10px; font-size: 1.5rem; line-height: 2.5rem; text-align: center;\"><a class=\"photo\" style=\"box-sizing: border-box; background-color: transparent; color: #a50a02; text-decoration-line: none; position: relative; width: 665px; height: 1004px; display: inline-block;\" href=\"https://photo-cms-tpo.zadn.vn/w665/Uploaded/2021/bpivpvoi/2020_09_06/954a2ddd_f038_4a9c_854e_5ac723ce5dd8_vfoo.jpeg\" data-desc=\"Tuyết Trần sở hữu th&acirc;n h&igrave;nh đồng hồ c&aacute;t trứ danh. C&ocirc; sở hữu chiều cao 1m76 với đ&ocirc;i ch&acirc;n d&agrave;i 1m2 v&agrave; số đo ba v&ograve;ng: 89-64-93.\" data-index=\"0\"><img class=\"cms-photo\" style=\"box-sizing: border-box; border: 0px; vertical-align: middle; max-width: 100%; height: auto; margin-left: auto; margin-right: auto; margin-bottom: 5px; display: block; width: auto;\" src=\"https://photo-cms-tpo.zadn.vn/w665/Uploaded/2021/bpivpvoi/2020_09_06/954a2ddd_f038_4a9c_854e_5ac723ce5dd8_vfoo.jpeg\" alt=\"Top 30 Si&ecirc;u mẫu Việt Nam, sở hữu đ&ocirc;i ch&acirc;n d&agrave;i 1m2 dự thi Hoa hậu Việt Nam 2020 - ảnh 1\" width=\"600\" data-photo-original-src=\"https://photo-cms-tpo.zadn.vn/w665/Uploaded/2021/bpivpvoi/2020_09_06/954a2ddd_f038_4a9c_854e_5ac723ce5dd8_vfoo.jpeg\" data-desc=\"Tuyết Trần sở hữu th&acirc;n h&igrave;nh đồng hồ c&aacute;t trứ danh. C&ocirc; sở hữu chiều cao 1m76 với đ&ocirc;i ch&acirc;n d&agrave;i 1m2 v&agrave; số đo ba v&ograve;ng: 89-64-93.\" /></a><span class=\"fig\" style=\"box-sizing: border-box; font-size: 12px; color: #222222; font-style: italic; display: block;\">Tuyết Trần sở hữu th&acirc;n h&igrave;nh đồng hồ c&aacute;t trứ danh. C&ocirc; sở hữu chiều cao 1m76 với đ&ocirc;i ch&acirc;n d&agrave;i 1m2 v&agrave; số đo ba v&ograve;ng: 89-64-93.</span></div>\r\n</div>\r\n<p style=\"box-sizing: border-box; margin: 0px 0px 15px; font-size: 15px; line-height: 2.5rem; font-family: roboto, \'Helvetica Neue\', Helvetica, Arial, sans-serif; color: #333333; background-color: #ffffff;\">Cuối năm 2018, Tuyết Trần đại diện Việt Nam chinh chiến tại cuộc thi Miss Globe 2018 diễn ra ở Trung Quốc. Tuy kh&ocirc;ng được vinh danh ở ng&ocirc;i vị cao nhất nhưng Tuyết Trần đ&atilde; xuất sắc gi&agrave;nh được giải phụ Miss Globe Asia.</p>\r\n<p style=\"box-sizing: border-box; margin: 0px 0px 15px; font-size: 15px; line-height: 2.5rem; font-family: roboto, \'Helvetica Neue\', Helvetica, Arial, sans-serif; color: #333333; background-color: #ffffff;\">Khi h&igrave;nh ảnh của Tuyết Trần xuất hiện tr&ecirc;n Fanpage Hoa hậu Việt Nam, nhiều kh&aacute;n giả nhận ra Tuyết Trần l&agrave; chiến binh tại Si&ecirc;u mẫu Việt Nam 2018. N&oacute;i về điều n&agrave;y, Tuyết Trần chia sẻ: &ldquo;Em rất vui v&agrave; h&atilde;nh diện khi c&oacute; kh&aacute;n giả nhận ra em. Điều đ&oacute; l&agrave;m động lực để em cố gắng hơn nữa khi đến với cuộc thi Hoa Hậu Việt Nam 2020&rdquo;.</p>\r\n<div style=\"box-sizing: border-box; margin-bottom: 15px; font-size: 15px; line-height: 2.5rem; font-family: roboto, \'Helvetica Neue\', Helvetica, Arial, sans-serif; color: #333333; background-color: #ffffff;\">\r\n<div class=\"article-photo inlinephoto\" style=\"box-sizing: border-box; margin-bottom: 10px; font-size: 1.5rem; line-height: 2.5rem; text-align: center;\"><a class=\"photo\" style=\"box-sizing: border-box; background-color: transparent; color: #a50a02; text-decoration-line: none; position: relative; width: 665px; height: 1047px; display: inline-block;\" href=\"https://photo-cms-tpo.zadn.vn/w665/Uploaded/2021/bpivpvoi/2020_09_06/bb72f005_9bfb_4384_a9b5_20742775033d_fjol.jpeg\" data-desc=\"Tuyết Trần cho biết c&ocirc; hưởng gen chiều cao từ ba mẹ. Mẹ c&ocirc; sở hữu chiều cao 1m75 trong khi ba c&ocirc; cao 1m77.\" data-index=\"1\"><img class=\"cms-photo\" style=\"box-sizing: border-box; border: 0px; vertical-align: middle; max-width: 100%; height: auto; margin-left: auto; margin-right: auto; margin-bottom: 5px; display: block; width: auto;\" src=\"https://photo-cms-tpo.zadn.vn/w665/Uploaded/2021/bpivpvoi/2020_09_06/bb72f005_9bfb_4384_a9b5_20742775033d_fjol.jpeg\" alt=\"Top 30 Si&ecirc;u mẫu Việt Nam, sở hữu đ&ocirc;i ch&acirc;n d&agrave;i 1m2 dự thi Hoa hậu Việt Nam 2020 - ảnh 2\" width=\"600\" data-photo-original-src=\"https://photo-cms-tpo.zadn.vn/w665/Uploaded/2021/bpivpvoi/2020_09_06/bb72f005_9bfb_4384_a9b5_20742775033d_fjol.jpeg\" data-desc=\"Tuyết Trần cho biết c&ocirc; hưởng gen chiều cao từ ba mẹ. Mẹ c&ocirc; sở hữu chiều cao 1m75 trong khi ba c&ocirc; cao 1m77.\" /></a><span class=\"fig\" style=\"box-sizing: border-box; font-size: 12px; color: #222222; font-style: italic; display: block;\">Tuyết Trần cho biết c&ocirc; hưởng gen chiều cao từ ba mẹ. Mẹ c&ocirc; sở hữu chiều cao 1m75 trong khi ba c&ocirc; cao 1m77.</span></div>\r\n</div>\r\n<p style=\"box-sizing: border-box; margin: 0px 0px 15px; font-size: 15px; line-height: 2.5rem; font-family: roboto, \'Helvetica Neue\', Helvetica, Arial, sans-serif; color: #333333; background-color: #ffffff;\">&ldquo;Cuộc thi si&ecirc;u mẫu Việt Nam mang lại cho em rất nhiều kỉ niệm s&acirc;u sắc với c&aacute;c th&iacute; sinh si&ecirc;u mẫu cũng như ekip tổ chức cuộc thi. Em thuộc team Kỳ Duy&ecirc;n n&ecirc;n đ&atilde; học hỏi rất nhiều kĩ năng nơi mentor của m&igrave;nh như kĩ năng catwalk, pose d&aacute;ng... kh&aacute; quan trọng để em l&agrave;m h&agrave;nh trang bước v&agrave;o cuộc thi Hoa hậu Việt Nam năm nay&rdquo;- Tuyết Trần cho biết th&ecirc;m. &nbsp;</p>\r\n<p style=\"box-sizing: border-box; margin: 0px 0px 15px; font-size: 15px; line-height: 2.5rem; font-family: roboto, \'Helvetica Neue\', Helvetica, Arial, sans-serif; color: #333333; background-color: #ffffff;\">Từng c&oacute; kinh nghiệm tham gia c&aacute;c cuộc thi nhan sắc trong nước v&agrave; quốc tế, Tuyết Trần thổ lộ, l&yacute; do c&ocirc; đến với cuộc thi Hoa hậu Việt Nam v&igrave; thấy đ&acirc;y l&agrave; cuộc thi lớn mang tầm quốc gia. B&ecirc;n cạnh đ&oacute;, c&ocirc; muốn thử sức v&agrave; c&oacute; th&ecirc;m nhiều trải nghiệm đẹp đẽ trong thanh xu&acirc;n của m&igrave;nh.</p>', 400, 0, '2021-02-19 05:20:08', NULL, 27, 22),
(99, 'Trần Thị Yến', 'product/602f9f96f4051--602f9f96f4053--tranthiyen2_yzzo.jpg', 178, '<p style=\"box-sizing: border-box; margin: 0px 0px 15px; font-size: 15px; line-height: 2.5rem; font-family: roboto, \'Helvetica Neue\', Helvetica, Arial, sans-serif; color: #333333; background-color: #ffffff;\"><span style=\"box-sizing: border-box;\">Th&iacute; sinh Trần Thị Tuyết (hay c&ograve;n gọi l&agrave; Tuyết Trần)sinh năm 1995, đến từ B&igrave;nh Thuận. Tuyết Trần đ&atilde; tốt nghiệp trường Cao đẳng Ph&aacute;t thanh Truyền h&igrave;nh II. Tại cuộc thi Si&ecirc;u mẫu Việt Nam 2018, Tuyết Trần thuộc team của HLV Kỳ Duy&ecirc;n. C&ocirc; n&agrave;ng được ch&uacute; &yacute; khi lọt Top 5 th&iacute; sinh được b&igrave;nh chọn cao nhất Best Body.</span></p>\r\n<div style=\"box-sizing: border-box; margin-bottom: 15px; font-size: 15px; line-height: 2.5rem; font-family: roboto, \'Helvetica Neue\', Helvetica, Arial, sans-serif; color: #333333; background-color: #ffffff;\">\r\n<div class=\"article-photo inlinephoto\" style=\"box-sizing: border-box; margin-bottom: 10px; font-size: 1.5rem; line-height: 2.5rem; text-align: center;\"><a class=\"photo\" style=\"box-sizing: border-box; background-color: transparent; color: #a50a02; text-decoration-line: none; position: relative; width: 665px; height: 1004px; display: inline-block;\" href=\"https://photo-cms-tpo.zadn.vn/w665/Uploaded/2021/bpivpvoi/2020_09_06/954a2ddd_f038_4a9c_854e_5ac723ce5dd8_vfoo.jpeg\" data-desc=\"Tuyết Trần sở hữu th&acirc;n h&igrave;nh đồng hồ c&aacute;t trứ danh. C&ocirc; sở hữu chiều cao 1m76 với đ&ocirc;i ch&acirc;n d&agrave;i 1m2 v&agrave; số đo ba v&ograve;ng: 89-64-93.\" data-index=\"0\"><img class=\"cms-photo\" style=\"box-sizing: border-box; border: 0px; vertical-align: middle; max-width: 100%; height: auto; margin-left: auto; margin-right: auto; margin-bottom: 5px; display: block; width: auto;\" src=\"https://photo-cms-tpo.zadn.vn/w665/Uploaded/2021/bpivpvoi/2020_09_06/954a2ddd_f038_4a9c_854e_5ac723ce5dd8_vfoo.jpeg\" alt=\"Top 30 Si&ecirc;u mẫu Việt Nam, sở hữu đ&ocirc;i ch&acirc;n d&agrave;i 1m2 dự thi Hoa hậu Việt Nam 2020 - ảnh 1\" width=\"600\" data-photo-original-src=\"https://photo-cms-tpo.zadn.vn/w665/Uploaded/2021/bpivpvoi/2020_09_06/954a2ddd_f038_4a9c_854e_5ac723ce5dd8_vfoo.jpeg\" data-desc=\"Tuyết Trần sở hữu th&acirc;n h&igrave;nh đồng hồ c&aacute;t trứ danh. C&ocirc; sở hữu chiều cao 1m76 với đ&ocirc;i ch&acirc;n d&agrave;i 1m2 v&agrave; số đo ba v&ograve;ng: 89-64-93.\" /></a><span class=\"fig\" style=\"box-sizing: border-box; font-size: 12px; color: #222222; font-style: italic; display: block;\">Tuyết Trần sở hữu th&acirc;n h&igrave;nh đồng hồ c&aacute;t trứ danh. C&ocirc; sở hữu chiều cao 1m76 với đ&ocirc;i ch&acirc;n d&agrave;i 1m2 v&agrave; số đo ba v&ograve;ng: 89-64-93.</span></div>\r\n</div>\r\n<p style=\"box-sizing: border-box; margin: 0px 0px 15px; font-size: 15px; line-height: 2.5rem; font-family: roboto, \'Helvetica Neue\', Helvetica, Arial, sans-serif; color: #333333; background-color: #ffffff;\">Cuối năm 2018, Tuyết Trần đại diện Việt Nam chinh chiến tại cuộc thi Miss Globe 2018 diễn ra ở Trung Quốc. Tuy kh&ocirc;ng được vinh danh ở ng&ocirc;i vị cao nhất nhưng Tuyết Trần đ&atilde; xuất sắc gi&agrave;nh được giải phụ Miss Globe Asia.</p>\r\n<p style=\"box-sizing: border-box; margin: 0px 0px 15px; font-size: 15px; line-height: 2.5rem; font-family: roboto, \'Helvetica Neue\', Helvetica, Arial, sans-serif; color: #333333; background-color: #ffffff;\">Khi h&igrave;nh ảnh của Tuyết Trần xuất hiện tr&ecirc;n Fanpage Hoa hậu Việt Nam, nhiều kh&aacute;n giả nhận ra Tuyết Trần l&agrave; chiến binh tại Si&ecirc;u mẫu Việt Nam 2018. N&oacute;i về điều n&agrave;y, Tuyết Trần chia sẻ: &ldquo;Em rất vui v&agrave; h&atilde;nh diện khi c&oacute; kh&aacute;n giả nhận ra em. Điều đ&oacute; l&agrave;m động lực để em cố gắng hơn nữa khi đến với cuộc thi Hoa Hậu Việt Nam 2020&rdquo;.</p>\r\n<div style=\"box-sizing: border-box; margin-bottom: 15px; font-size: 15px; line-height: 2.5rem; font-family: roboto, \'Helvetica Neue\', Helvetica, Arial, sans-serif; color: #333333; background-color: #ffffff;\">\r\n<div class=\"article-photo inlinephoto\" style=\"box-sizing: border-box; margin-bottom: 10px; font-size: 1.5rem; line-height: 2.5rem; text-align: center;\"><a class=\"photo\" style=\"box-sizing: border-box; background-color: transparent; color: #a50a02; text-decoration-line: none; position: relative; width: 665px; height: 1047px; display: inline-block;\" href=\"https://photo-cms-tpo.zadn.vn/w665/Uploaded/2021/bpivpvoi/2020_09_06/bb72f005_9bfb_4384_a9b5_20742775033d_fjol.jpeg\" data-desc=\"Tuyết Trần cho biết c&ocirc; hưởng gen chiều cao từ ba mẹ. Mẹ c&ocirc; sở hữu chiều cao 1m75 trong khi ba c&ocirc; cao 1m77.\" data-index=\"1\"><img class=\"cms-photo\" style=\"box-sizing: border-box; border: 0px; vertical-align: middle; max-width: 100%; height: auto; margin-left: auto; margin-right: auto; margin-bottom: 5px; display: block; width: auto;\" src=\"https://photo-cms-tpo.zadn.vn/w665/Uploaded/2021/bpivpvoi/2020_09_06/bb72f005_9bfb_4384_a9b5_20742775033d_fjol.jpeg\" alt=\"Top 30 Si&ecirc;u mẫu Việt Nam, sở hữu đ&ocirc;i ch&acirc;n d&agrave;i 1m2 dự thi Hoa hậu Việt Nam 2020 - ảnh 2\" width=\"600\" data-photo-original-src=\"https://photo-cms-tpo.zadn.vn/w665/Uploaded/2021/bpivpvoi/2020_09_06/bb72f005_9bfb_4384_a9b5_20742775033d_fjol.jpeg\" data-desc=\"Tuyết Trần cho biết c&ocirc; hưởng gen chiều cao từ ba mẹ. Mẹ c&ocirc; sở hữu chiều cao 1m75 trong khi ba c&ocirc; cao 1m77.\" /></a><span class=\"fig\" style=\"box-sizing: border-box; font-size: 12px; color: #222222; font-style: italic; display: block;\">Tuyết Trần cho biết c&ocirc; hưởng gen chiều cao từ ba mẹ. Mẹ c&ocirc; sở hữu chiều cao 1m75 trong khi ba c&ocirc; cao 1m77.</span></div>\r\n</div>\r\n<p style=\"box-sizing: border-box; margin: 0px 0px 15px; font-size: 15px; line-height: 2.5rem; font-family: roboto, \'Helvetica Neue\', Helvetica, Arial, sans-serif; color: #333333; background-color: #ffffff;\">&ldquo;Cuộc thi si&ecirc;u mẫu Việt Nam mang lại cho em rất nhiều kỉ niệm s&acirc;u sắc với c&aacute;c th&iacute; sinh si&ecirc;u mẫu cũng như ekip tổ chức cuộc thi. Em thuộc team Kỳ Duy&ecirc;n n&ecirc;n đ&atilde; học hỏi rất nhiều kĩ năng nơi mentor của m&igrave;nh như kĩ năng catwalk, pose d&aacute;ng... kh&aacute; quan trọng để em l&agrave;m h&agrave;nh trang bước v&agrave;o cuộc thi Hoa hậu Việt Nam năm nay&rdquo;- Tuyết Trần cho biết th&ecirc;m. &nbsp;</p>\r\n<p style=\"box-sizing: border-box; margin: 0px 0px 15px; font-size: 15px; line-height: 2.5rem; font-family: roboto, \'Helvetica Neue\', Helvetica, Arial, sans-serif; color: #333333; background-color: #ffffff;\">Từng c&oacute; kinh nghiệm tham gia c&aacute;c cuộc thi nhan sắc trong nước v&agrave; quốc tế, Tuyết Trần thổ lộ, l&yacute; do c&ocirc; đến với cuộc thi Hoa hậu Việt Nam v&igrave; thấy đ&acirc;y l&agrave; cuộc thi lớn mang tầm quốc gia. B&ecirc;n cạnh đ&oacute;, c&ocirc; muốn thử sức v&agrave; c&oacute; th&ecirc;m nhiều trải nghiệm đẹp đẽ trong thanh xu&acirc;n của m&igrave;nh.</p>\r\n<div style=\"box-sizing: border-box; margin-bottom: 15px; font-size: 15px; line-height: 2.5rem; font-family: roboto, \'Helvetica Neue\', Helvetica, Arial, sans-serif; color: #333333; background-color: #ffffff;\">\r\n<div class=\"article-photo inlinephoto\" style=\"box-sizing: border-box; margin-bottom: 10px; font-size: 1.5rem; line-height: 2.5rem; text-align: center;\"><a class=\"photo\" style=\"box-sizing: border-box; background-color: transparent; color: #a50a02; text-decoration-line: none; position: relative; width: 665px; height: 1004px; display: inline-block;\" href=\"https://photo-cms-tpo.zadn.vn/w665/Uploaded/2021/bpivpvoi/2020_09_06/342f6fb6_9e8b_44f9_8968_22408df35f1d_qaop.jpeg\" data-desc=\"Trở th&agrave;nh doanh nh&acirc;n khi mới 25 tuổi, Tuyết Trần bật m&iacute; ba mẹ c&ocirc; ch&iacute;nh l&agrave; người chống lưng cho m&igrave;nh.\" data-index=\"2\"><img class=\"cms-photo\" style=\"box-sizing: border-box; border: 0px; vertical-align: middle; max-width: 100%; height: auto; margin-left: auto; margin-right: auto; margin-bottom: 5px; display: block; width: auto;\" src=\"https://photo-cms-tpo.zadn.vn/w665/Uploaded/2021/bpivpvoi/2020_09_06/342f6fb6_9e8b_44f9_8968_22408df35f1d_qaop.jpeg\" alt=\"Top 30 Si&ecirc;u mẫu Việt Nam, sở hữu đ&ocirc;i ch&acirc;n d&agrave;i 1m2 dự thi Hoa hậu Việt Nam 2020 - ảnh 3\" width=\"600\" data-photo-original-src=\"https://photo-cms-tpo.zadn.vn/w665/Uploaded/2021/bpivpvoi/2020_09_06/342f6fb6_9e8b_44f9_8968_22408df35f1d_qaop.jpeg\" data-desc=\"Trở th&agrave;nh doanh nh&acirc;n khi mới 25 tuổi, Tuyết Trần bật m&iacute; ba mẹ c&ocirc; ch&iacute;nh l&agrave; người chống lưng cho m&igrave;nh.\" /></a><span class=\"fig\" style=\"box-sizing: border-box; font-size: 12px; color: #222222; font-style: italic; display: block;\">Trở th&agrave;nh doanh nh&acirc;n khi mới 25 tuổi, Tuyết Trần bật m&iacute; ba mẹ c&ocirc; ch&iacute;nh l&agrave; người chống lưng cho m&igrave;nh.&nbsp;</span></div>\r\n</div>\r\n<p style=\"box-sizing: border-box; margin: 0px 0px 15px; font-size: 15px; line-height: 2.5rem; font-family: roboto, \'Helvetica Neue\', Helvetica, Arial, sans-serif; color: #333333; background-color: #ffffff;\">Theo chia sẻ của Tuyết Trần, c&ocirc; tốt nghiệp trường Cao đẳng Ph&aacute;t thanh Truyền h&igrave;nh II c&aacute;ch đ&acirc;y 3 năm v&agrave; l&agrave;m tự do b&ecirc;n ngo&agrave;i. Đến th&aacute;ng 5/2020, c&ocirc; c&ugrave;ng bạn chung vốn mở c&ocirc;ng ty kinh doanh về lĩnh vực thương mại dịch vụ v&agrave; đ&atilde; đi v&agrave;o hoạt động được 4 th&aacute;ng.</p>\r\n<p style=\"box-sizing: border-box; margin: 0px 0px 15px; font-size: 15px; line-height: 2.5rem; font-family: roboto, \'Helvetica Neue\', Helvetica, Arial, sans-serif; color: #333333; background-color: #ffffff;\">\"Khi khởi nghiệp cũng gặp một số kh&oacute; khăn nhưng Tuyết lu&ocirc;n được bố mẹ, những người th&acirc;n y&ecirc;u b&ecirc;n cạnh v&agrave; ủng hộ l&agrave;m động lực để Tuyết vượt qua. Hơn nữa, h&igrave;nh tượng người phụ nữ độc lập, quyết đo&aacute;n đang được Tuyết hướng đến v&agrave; theo đuổi&rdquo;, Tuyết Trần cho biết.</p>\r\n<p style=\"box-sizing: border-box; margin: 0px 0px 15px; font-size: 15px; line-height: 2.5rem; font-family: roboto, \'Helvetica Neue\', Helvetica, Arial, sans-serif; color: #333333; background-color: #ffffff;\">Tuyết Trần tiết lộ th&ecirc;m, gia đ&igrave;nh c&ocirc; c&oacute; truyền thống nhiều năm kinh doanh thủy, hải sản tại Phan Thiết, B&igrave;nh Thuận. &ldquo;Thật sự em cảm thấy rất may mắn v&igrave; sinh ra l&agrave; con của bố mẹ. Từ nhỏ, bố mẹ đ&atilde; dạy em c&aacute;ch kinh doanh, lớn l&ecirc;n đi học th&igrave; được bố mẹ định hướng nghề nghiệp, ra trường l&agrave;m việc th&igrave; được bố mẹ hậu thuẫn&rdquo;- Tuyết Trần nhấn mạnh.</p>\r\n<div style=\"box-sizing: border-box; margin-bottom: 15px; font-size: 15px; line-height: 2.5rem; font-family: roboto, \'Helvetica Neue\', Helvetica, Arial, sans-serif; color: #333333; background-color: #ffffff;\">\r\n<div class=\"article-photo inlinephoto\" style=\"box-sizing: border-box; margin-bottom: 10px; font-size: 1.5rem; line-height: 2.5rem; text-align: center;\"><a class=\"photo\" style=\"box-sizing: border-box; background-color: transparent; color: #a50a02; text-decoration-line: none; position: relative; width: 665px; height: 1001px; display: inline-block;\" href=\"https://photo-cms-tpo.zadn.vn/w665/Uploaded/2021/bpivpvoi/2020_09_06/tuyet_tran_btvt.jpg\" data-desc=\"Việc tham gia nhiều cuộc thi từ Si&ecirc;u mẫu tới Miss Globe khiến Tuyết Trần tự tin khi đến với Hoa hậu Việt Nam 2020.\" data-index=\"3\"><img class=\"cms-photo\" style=\"box-sizing: border-box; border: 0px; vertical-align: middle; max-width: 100%; height: auto; margin-left: auto; margin-right: auto; margin-bottom: 5px; display: block; width: auto;\" src=\"https://photo-cms-tpo.zadn.vn/w665/Uploaded/2021/bpivpvoi/2020_09_06/tuyet_tran_btvt.jpg\" alt=\"Top 30 Si&ecirc;u mẫu Việt Nam, sở hữu đ&ocirc;i ch&acirc;n d&agrave;i 1m2 dự thi Hoa hậu Việt Nam 2020 - ảnh 4\" width=\"600\" data-photo-original-src=\"https://photo-cms-tpo.zadn.vn/w665/Uploaded/2021/bpivpvoi/2020_09_06/tuyet_tran_btvt.jpg\" data-desc=\"Việc tham gia nhiều cuộc thi từ Si&ecirc;u mẫu tới Miss Globe khiến Tuyết Trần tự tin khi đến với Hoa hậu Việt Nam 2020.\" /></a><span class=\"fig\" style=\"box-sizing: border-box; font-size: 12px; color: #222222; font-style: italic; display: block;\">Việc tham gia nhiều cuộc thi từ Si&ecirc;u mẫu tới Miss Globe khiến Tuyết Trần tự tin khi đến với Hoa hậu Việt Nam 2020.&nbsp;</span></div>\r\n</div>\r\n<p style=\"box-sizing: border-box; margin: 0px 0px 15px; font-size: 15px; line-height: 2.5rem; font-family: roboto, \'Helvetica Neue\', Helvetica, Arial, sans-serif; color: #333333; background-color: #ffffff;\">N&oacute;i về ước mơ trong tương lai, Tuyết Trần chia sẻ: &ldquo;Em rất th&iacute;ch c&acirc;u n&oacute;i: \"Ước mơ bạn c&agrave;ng lớn, bạn sẽ c&agrave;ng kết nối được với nguồn lực mạnh\". Ước mơ trong tương lại của em l&agrave; sẽ trở th&agrave;nh CEO c&oacute; tầm ảnh hưởng đến với người trẻ, được gi&uacute;p đỡ nhiều người&rdquo;.</p>\r\n<p style=\"box-sizing: border-box; margin: 0px 0px 15px; font-size: 15px; line-height: 2.5rem; font-family: roboto, \'Helvetica Neue\', Helvetica, Arial, sans-serif; color: #333333; background-color: #ffffff;\">Việc tham gia nhiều cuộc thi từ Si&ecirc;u mẫu tới Miss Globe khiến Tuyết Trần tự tin khi đến với Hoa hậu Việt Nam 2020. Tuyết Trần cho rằng, c&ocirc; đ&atilde; chuẩn bị cho m&igrave;nh nhiều kĩ năng cần thiết v&agrave; việc đ&atilde; từng tham gia c&aacute;c cuộc thi học hỏi được nhiều kinh nghiệm ch&iacute;nh l&agrave; thế mạnh của m&igrave;nh.</p>\r\n<p style=\"box-sizing: border-box; margin: 0px 0px 15px; font-size: 15px; line-height: 2.5rem; font-family: roboto, \'Helvetica Neue\', Helvetica, Arial, sans-serif; color: #333333; background-color: #ffffff;\">Tuy nhi&ecirc;n, nữ doanh nh&acirc;n trẻ e ngại, tuổi t&aacute;c của m&igrave;nh l&agrave; trở ngại. &ldquo;Thật sự, nh&igrave;n lại h&agrave;nh tr&igrave;nh đăng quang hoa hậu c&aacute;c năm về trước thường trong độ tuổi 18, 19 trong khi Tuyết năm nay đ&atilde; 25 tuổi n&ecirc;n c&oacute; ch&uacute;t băn khoăn, lo lắng. Nhưng đổi lại, em rất tự tin về khả năng ứng xử, kinh nghiệm sống. D&acirc;n gian xưa c&oacute; c&acirc;u: &ldquo;Gừng c&agrave;ng gi&agrave; c&agrave;ng cay&rdquo; hay &ldquo;30 chưa phải l&agrave; Tết&rdquo; n&ecirc;n Tuyết hi vọng mọi người y&ecirc;u thương v&agrave; ủng hộ cho Tuyết trong h&agrave;nh tr&igrave;nh Hoa hậu Việt Nam năm nay&rdquo;- c&ocirc; n&oacute;i.</p>', 300, 0, '2021-02-19 05:23:02', NULL, 31, 23),
(100, 'Trần Tiểu Vy', 'product/602fa03df13cc--602fa03df13ce--hoa-hau-viet-nam-5-15961746886691463466502.jpg', 180, '<p style=\"margin: 0px 0px 24px; padding: 0px; border: 0px; font-variant-numeric: normal; font-variant-east-asian: normal; font-stretch: normal; font-size: 16px; line-height: 1.44; font-family: NotoSans-Regular; vertical-align: baseline; color: #222222; letter-spacing: -0.2px; background-color: rgba(255, 255, 255, 0.95);\">Năm 2018, Việt Nam c&oacute; hoa hậu 10X đầu ti&ecirc;n l&agrave; Trần Tiểu Vy. Nhưng trong cuộc thi năm đ&oacute;, c&aacute;c th&iacute; sinh 9X đời giữa v&agrave; cuối vẫn kh&aacute; đ&ocirc;ng đảo. Sang năm 2020 n&agrave;y, lần đầu ti&ecirc;n, nh&oacute;m th&iacute; sinh sinh sau năm 2000 chiếm số lượng lớn d&ugrave; l&agrave; c&aacute;c gương mặt mới hay cũ.</p>\r\n<p style=\"margin: 0px 0px 24px; padding: 0px; border: 0px; font-variant-numeric: normal; font-variant-east-asian: normal; font-stretch: normal; font-size: 16px; line-height: 1.44; font-family: NotoSans-Regular; vertical-align: baseline; color: #222222; letter-spacing: -0.2px; background-color: rgba(255, 255, 255, 0.95);\">Nhiều khả năng, bước sang thập ni&ecirc;n mới,&nbsp;<a style=\"margin: 0px; padding: 0px; border: 0px; font: inherit; vertical-align: baseline; display: initial; text-decoration-line: none; color: #ed1b2f; letter-spacing: -0.2px;\" title=\"Hoa hậu Việt Nam\" href=\"https://tuoitre.vn/hoa-hau-viet-nam.html\" target=\"_blank\" rel=\"noopener\">Hoa hậu Việt Nam</a>&nbsp;sẽ tiếp tục trẻ h&oacute;a gương mặt đăng quang. B&ecirc;n cạnh đ&oacute;, tr&igrave;nh độ học vấn v&agrave; kỹ năng giao tiếp của hoa hậu cũng l&agrave; yếu tố cần thiết để chinh chiến tại đấu trường Hoa hậu thế giới.</p>\r\n<p style=\"margin: 0px 0px 24px; padding: 0px; border: 0px; font-variant-numeric: normal; font-variant-east-asian: normal; font-stretch: normal; font-size: 16px; line-height: 1.44; font-family: NotoSans-Regular; vertical-align: baseline; color: #222222; letter-spacing: -0.2px; background-color: rgba(255, 255, 255, 0.95);\">Do đ&oacute;, c&aacute;c th&iacute; sinh lứa 1998, 1999 v&agrave; 2000 đang l&agrave; những ứng vi&ecirc;n s&aacute;ng gi&aacute; nhất.</p>\r\n<p style=\"margin: 0px 0px 24px; padding: 0px; border: 0px; font-variant-numeric: normal; font-variant-east-asian: normal; font-stretch: normal; font-size: 16px; line-height: 1.44; font-family: NotoSans-Regular; vertical-align: baseline; color: #222222; letter-spacing: -0.2px; background-color: rgba(255, 255, 255, 0.95);\">Những hoa hậu của thế hệ 10X sẽ kh&ocirc;ng chỉ xinh đẹp m&agrave; n&ecirc;n học giỏi, tiếng Anh lưu lo&aacute;t v&agrave; giao tiếp tự tin để bước ra thế giới. Hoa hậu Việt Nam 2020 diễn ra từ th&aacute;ng 7 đến th&aacute;ng 8. Đ&ecirc;m chung kết dự kiến v&agrave;o cuối th&aacute;ng 8.</p>\r\n<p style=\"margin: 0px 0px 24px; padding: 0px; border: 0px; font-variant-numeric: normal; font-variant-east-asian: normal; font-stretch: normal; font-size: 16px; line-height: 1.44; font-family: NotoSans-Regular; vertical-align: baseline; color: #222222; letter-spacing: -0.2px; background-color: rgba(255, 255, 255, 0.95);\"><strong style=\"margin: 0px; padding: 0px; border: 0px; font-style: inherit; font-variant: inherit; font-stretch: inherit; font-size: inherit; line-height: inherit; font-family: inherit; vertical-align: baseline; letter-spacing: -0.2px;\">Một số th&iacute; sinh Hoa hậu Việt Nam 2020</strong></p>\r\n<div class=\"VCSortableInPreviewMode active\" style=\"margin: 1.3em auto 0px -0.5px; padding: 0px; border-width: 0px 0px 24px; border-image: initial; font-variant-numeric: normal; font-variant-east-asian: normal; font-stretch: normal; font-size: 11px; line-height: 1.45; font-family: Roboto; vertical-align: baseline; text-align: center; display: table; position: relative; z-index: 2; color: #222222; letter-spacing: -0.2px; background-color: rgba(255, 255, 255, 0.95); width: 635px; border-color: initial initial #ffffff initial; border-style: initial initial solid initial;\">\r\n<div style=\"margin: 0px; padding: 0px; border: 0px; font: inherit; vertical-align: baseline;\"><img src=\"https://cdn.tuoitre.vn/2020/7/31/hoa-hau-viet-nam-7-1596175437895430093879.jpg\" alt=\"Hoa hậu Việt Nam 2020: L&agrave;n gi&oacute; mạnh mẽ đến từ c&aacute;c người đẹp thế hệ 2000 - Ảnh 2.\" width=\"785\" height=\"1081\" /></div>\r\n<div style=\"margin: 0px; padding: 0px; border: 0px; font: inherit; vertical-align: baseline;\"><span style=\"font-size: 12px; letter-spacing: -0.2px; background-color: #e9e9e9; font-family: inherit; font-style: inherit; font-variant-ligatures: inherit; font-variant-caps: inherit; font-weight: inherit; text-align: left;\">Th&iacute; sinh L&acirc;m H&agrave; Thủy Ti&ecirc;n sinh năm 2000 tại TP.HCM. Hiện c&ocirc; l&agrave; sinh năm 2 tại Đại học Kinh tế - Luật TP.HCM. Thủy Ti&ecirc;n được đ&aacute;nh gi&aacute; l&agrave; ứng vi&ecirc;n s&aacute;ng gi&aacute; tại cuộc thi với vẻ đẹp được v&iacute; như nh&acirc;n vật Tiểu Long Nữ trong&nbsp;</span><span style=\"margin: 0px; padding: 0px; border: 0px; font: inherit; vertical-align: baseline;\">Thần đi&ecirc;u đại hiệp.</span><span style=\"font-size: 12px; letter-spacing: -0.2px; background-color: #e9e9e9; font-family: inherit; font-style: inherit; font-variant-ligatures: inherit; font-variant-caps: inherit; font-weight: inherit; text-align: left;\"> C&aacute;c đường n&eacute;t tr&ecirc;n gương mặt Thủy Ti&ecirc;n nhỏ gọn, thu h&uacute;t v&agrave; g&oacute;c nghi&ecirc;ng rất đẹp.</span></div>\r\n</div>', 320, 0, '2021-02-19 05:25:49', NULL, 28, 1);
INSERT INTO `products` (`id`, `name`, `images`, `height`, `description`, `price`, `status`, `created_at`, `updated_at`, `id_cate`, `id_hometown`) VALUES
(101, 'Phạm Hương', 'product/602fa623d0efd--602fa623d0f00--Pham-Huong-9.jpg', 182, '<figure class=\"insert-center-image\" style=\"display: block; margin: 16px 0px 0px; box-sizing: border-box; outline: 0px; position: relative; font-family: Roboto, sans-serif; background-color: #ffffff;\"><img class=\"lazypreload\" style=\"border-style: none; box-sizing: border-box; outline: 0px; vertical-align: bottom; margin: 0px auto; width: 850px; cursor: zoom-in; display: block;\" src=\"https://media-cdn.laodong.vn/Storage/NewsPortal/2020/12/24/865170/Pham-Huong-3.jpg\" alt=\"V&agrave;o th&aacute;ng 9.2018, Phạm Hương tuy&ecirc;n bố dừng hoạt động nghệ thuật để sang Mỹ chữa bệnh. Đ&acirc;y cũng l&agrave; l&uacute;c c&aacute;i t&ecirc;n Phạm Hương dần biến mất khỏi showbiz Việt d&ugrave; l&uacute;c đ&oacute;, c&ocirc; được xem l&agrave; &ldquo;hoa hậu quốc d&acirc;n&ldquo;.\" />\r\n<figcaption class=\"image-caption\" style=\"box-sizing: border-box; outline: 0px; font-size: 1rem; font-style: italic; background-color: #eeeeee; padding: 5px;\">V&agrave;o th&aacute;ng 9.2018, Phạm Hương tuy&ecirc;n bố dừng hoạt động nghệ thuật để sang Mỹ chữa bệnh. Đ&acirc;y cũng l&agrave; l&uacute;c c&aacute;i t&ecirc;n Phạm Hương dần biến mất khỏi showbiz Việt d&ugrave; l&uacute;c đ&oacute;, c&ocirc; được xem l&agrave; &ldquo;hoa hậu quốc d&acirc;n&ldquo;. Trước đ&oacute;, c&ocirc; gặp loạt ồn &agrave;o tại Việt Nam khi bị tố th&aacute;i độ với đồng nghiệp, y&ecirc;u s&aacute;ch...</figcaption>\r\n</figure>\r\n<figure class=\"insert-center-image\" style=\"display: block; margin: 16px 0px 0px; box-sizing: border-box; outline: 0px; position: relative; font-family: Roboto, sans-serif; background-color: #ffffff; text-align: center;\"><img class=\"lazypreload\" style=\"border-style: none; box-sizing: border-box; outline: 0px; vertical-align: bottom; display: block; margin: 0px auto; width: 850px; cursor: zoom-in;\" src=\"https://media-cdn.laodong.vn/Storage/NewsPortal/2020/12/24/865170/Pham-Huong-1.jpg\" alt=\"Sau đ&oacute;, người h&acirc;m mộ bất ngờ khi biết c&ocirc; đ&atilde; c&oacute; gia đ&igrave;nh v&agrave; sinh con ở Mỹ. Ở Mỹ, c&ocirc; bận rộn với việc kinh doanh mỹ phẩm.\" />\r\n<figcaption class=\"image-caption\" style=\"box-sizing: border-box; outline: 0px; font-size: 1rem; font-style: italic; background-color: #eeeeee; padding: 5px;\">Sau đ&oacute; một thời gian, người h&acirc;m mộ bất ngờ khi biết c&ocirc; đ&atilde; c&oacute; gia đ&igrave;nh ở Mỹ. Tại trời T&acirc;y, c&ocirc; kinh doanh mỹ phẩm v&agrave; tham gia l&agrave;m người mẫu.</figcaption>\r\n</figure>\r\n<figure class=\"insert-center-image\" style=\"display: block; margin: 16px 0px 0px; box-sizing: border-box; outline: 0px; position: relative; font-family: Roboto, sans-serif; background-color: #ffffff; text-align: center;\"><img class=\"lazypreload\" style=\"border-style: none; box-sizing: border-box; outline: 0px; vertical-align: bottom; display: block; margin: 0px auto; width: 850px; cursor: zoom-in;\" src=\"https://media-cdn.laodong.vn/Storage/NewsPortal/2020/12/24/865170/Pham-Huong-11.jpg\" alt=\"Sang Mỹ sinh sống, người đẹp họ Phạm thường xuy&ecirc;n chia sẻ h&igrave;nh ảnh về cuộc sống &ldquo;sang chảnh&rdquo; khiến kh&ocirc;ng &iacute;t người ngưỡng mộ.\" />\r\n<figcaption class=\"image-caption\" style=\"box-sizing: border-box; outline: 0px; font-size: 1rem; font-style: italic; background-color: #eeeeee; padding: 5px;\">Sang Mỹ sinh sống, người đẹp họ Phạm thường xuy&ecirc;n chia sẻ h&igrave;nh ảnh về cuộc sống &ldquo;sang chảnh&rdquo; khiến kh&ocirc;ng &iacute;t người ngưỡng mộ.</figcaption>\r\n</figure>\r\n<figure class=\"insert-center-image\" style=\"display: block; margin: 16px 0px 0px; box-sizing: border-box; outline: 0px; position: relative; font-family: Roboto, sans-serif; background-color: #ffffff; text-align: center;\"><img class=\"lazypreload\" style=\"border-style: none; box-sizing: border-box; outline: 0px; vertical-align: bottom; display: block; margin: 0px auto; width: 850px; cursor: zoom-in;\" src=\"https://media-cdn.laodong.vn/Storage/NewsPortal/2020/12/24/865170/Pham-Huong-2.jpg\" alt=\"D&ugrave; đ&atilde; rời khỏi showbiz Việt, tuy nhi&ecirc;n, cuộc sống của Phạm Hương v&agrave; con trai b&ecirc;n Mỹ lu&ocirc;n được kh&aacute;n giả d&agrave;nh nhiều sự quan t&acirc;m.\" />\r\n<figcaption class=\"image-caption\" style=\"box-sizing: border-box; outline: 0px; font-size: 1rem; font-style: italic; background-color: #eeeeee; padding: 5px;\">D&ugrave; đ&atilde; rời khỏi showbiz Việt, tuy nhi&ecirc;n, cuộc sống của Phạm Hương b&ecirc;n Mỹ lu&ocirc;n được kh&aacute;n giả d&agrave;nh nhiều sự quan t&acirc;m. Mới đ&acirc;y, c&ocirc; c&ograve;n tổ chức tiệc gi&aacute;ng sinh cho gia đ&igrave;nh.</figcaption>\r\n</figure>\r\n<figure class=\"insert-center-image\" style=\"display: block; margin: 16px 0px 0px; box-sizing: border-box; outline: 0px; position: relative; font-family: Roboto, sans-serif; background-color: #ffffff; text-align: center;\"><img class=\"lazypreload\" style=\"border-style: none; box-sizing: border-box; outline: 0px; vertical-align: bottom; display: block; margin: 0px auto; width: 850px; cursor: zoom-in;\" src=\"https://media-cdn.laodong.vn/Storage/NewsPortal/2020/12/24/865170/Pham-Huong-8.jpg\" alt=\"sdfgthy\" />\r\n<figcaption class=\"image-caption\" style=\"box-sizing: border-box; outline: 0px; font-size: 1rem; font-style: italic; background-color: #eeeeee; padding: 5px;\">Phạm Hương hiện đang sống trong một căn biệt thự triệu đ&ocirc; tại Mỹ. Người đẹp d&agrave;nh nhiều thời gian để chăm lo cho tổ ấm của m&igrave;nh.</figcaption>\r\n</figure>\r\n<figure class=\"insert-center-image\" style=\"display: block; margin: 16px 0px 0px; box-sizing: border-box; outline: 0px; position: relative; font-family: Roboto, sans-serif; background-color: #ffffff; text-align: center;\"><img class=\"lazypreload\" style=\"border-style: none; box-sizing: border-box; outline: 0px; vertical-align: bottom; display: block; margin: 0px auto; width: 850px; cursor: zoom-in;\" src=\"https://media-cdn.laodong.vn/Storage/NewsPortal/2020/12/24/865170/Pham-Huong-9.jpg\" alt=\"sdfgt\" />\r\n<figcaption class=\"image-caption\" style=\"box-sizing: border-box; outline: 0px; font-size: 1rem; font-style: italic; background-color: #eeeeee; padding: 5px;\">Ngo&agrave;i ra, c&ocirc; cũng kh&ocirc;ng qu&ecirc;n luyện tập yoga, giữ g&igrave;n v&oacute;c d&aacute;ng trẻ trung, khỏe khoắn.</figcaption>\r\n</figure>\r\n<figure class=\"insert-center-image\" style=\"display: block; margin: 16px 0px 0px; box-sizing: border-box; outline: 0px; position: relative; font-family: Roboto, sans-serif; background-color: #ffffff; text-align: center;\"><img class=\"lazypreload\" style=\"border-style: none; box-sizing: border-box; outline: 0px; vertical-align: bottom; display: block; margin: 0px auto; width: 850px; cursor: zoom-in;\" src=\"https://media-cdn.laodong.vn/Storage/NewsPortal/2020/12/24/865170/Pham-Huong-4.jpg\" alt=\"&aacute;dfgh\" />\r\n<figcaption class=\"image-caption\" style=\"box-sizing: border-box; outline: 0px; font-size: 1rem; font-style: italic; background-color: #eeeeee; padding: 5px;\">Ở Mỹ, n&agrave;ng hậu thường chia sẻ những bức ảnh đi du lịch khắp nơi khiến kh&ocirc;ng &iacute;t người ngưỡng mộ.</figcaption>\r\n</figure>\r\n<figure class=\"insert-center-image\" style=\"display: block; margin: 16px 0px 0px; box-sizing: border-box; outline: 0px; position: relative; font-family: Roboto, sans-serif; background-color: #ffffff; text-align: center;\"><img class=\"lazypreload\" style=\"border-style: none; box-sizing: border-box; outline: 0px; vertical-align: bottom; display: block; margin: 0px auto; width: 850px; cursor: zoom-in;\" src=\"https://media-cdn.laodong.vn/Storage/NewsPortal/2020/12/24/865170/Pham-Huong-6.jpg\" alt=\"dfgh\" />\r\n<figcaption class=\"image-caption\" style=\"box-sizing: border-box; outline: 0px; font-size: 1rem; font-style: italic; background-color: #eeeeee; padding: 5px;\">Mới đ&acirc;y, c&ocirc; chia sẻ h&igrave;nh ảnh mới. Nhan sắc của Phạm Hương được khen ngợi khi ng&agrave;y một mặn m&agrave;, sắc sảo.</figcaption>\r\n</figure>\r\n<figure class=\"insert-center-image\" style=\"display: block; margin: 16px 0px 0px; box-sizing: border-box; outline: 0px; position: relative; font-family: Roboto, sans-serif; background-color: #ffffff; text-align: center;\"><img class=\"lazypreload\" style=\"border-style: none; box-sizing: border-box; outline: 0px; vertical-align: bottom; display: block; margin: 0px auto; width: 850px; cursor: zoom-in;\" src=\"https://media-cdn.laodong.vn/Storage/NewsPortal/2020/12/24/865170/Pham-Huong-7.jpeg\" alt=\"V&agrave;o ng&agrave;y 24/12, Phạm Hương h&agrave;o hứng khoe tr&ecirc;n trang c&aacute; nh&acirc;n loạt ảnh khi đang chuẩn bị trang ho&agrave;ng nh&agrave; cửa, sắp xếp b&agrave;n tiệc để mừng sinh nhật 2 tuổi của con trai Maximusm.\" />\r\n<figcaption class=\"image-caption\" style=\"box-sizing: border-box; outline: 0px; font-size: 1rem; font-style: italic; background-color: #eeeeee; padding: 5px;\">V&agrave;o 23.12, c&ocirc; c&ograve;n chuẩn bị trang ho&agrave;ng nh&agrave; cửa, sắp xếp b&agrave;n tiệc để mừng sinh nhật 2 tuổi của con trai Maximusm.</figcaption>\r\n</figure>', 400, 0, '2021-02-19 05:50:59', NULL, 29, 25);

-- --------------------------------------------------------

--
-- Cấu trúc bảng cho bảng `role`
--

CREATE TABLE `role` (
  `id` int(11) NOT NULL,
  `name` varchar(225) NOT NULL,
  `id_role` int(11) NOT NULL,
  `status` int(11) NOT NULL
) ENGINE=InnoDB DEFAULT CHARSET=utf8mb4;

--
-- Đang đổ dữ liệu cho bảng `role`
--

INSERT INTO `role` (`id`, `name`, `id_role`, `status`) VALUES
(1, 'Đối tác thương mại', 100, 0),
(2, 'Khách hàng', 1, 0),
(3, 'Giám Đốc', 201, 1),
(5, 'Phó Giám Đốc', 200, 0),
(6, 'Quản trị website', 199, 0),
(7, 'Hỗ trợ khách hàng', 101, 0);

-- --------------------------------------------------------

--
-- Cấu trúc bảng cho bảng `users`
--

CREATE TABLE `users` (
  `id` int(11) NOT NULL,
  `name` varchar(225) NOT NULL,
  `images` varchar(255) NOT NULL,
  `phone` varchar(12) NOT NULL,
  `id_role` int(11) NOT NULL,
  `address` varchar(225) NOT NULL,
  `email` varchar(225) NOT NULL,
  `password` mediumtext NOT NULL,
  `created_at` datetime NOT NULL DEFAULT current_timestamp(),
  `date_up` timestamp NOT NULL DEFAULT current_timestamp()
) ENGINE=InnoDB DEFAULT CHARSET=utf8mb4;

--
-- Đang đổ dữ liệu cho bảng `users`
--

INSERT INTO `users` (`id`, `name`, `images`, `phone`, `id_role`, `address`, `email`, `password`, `created_at`, `date_up`) VALUES
(12, 'Đặng Đình Phương', 'user/602ba442cc81e-20180401_150422.jpg', '0976594507', 3, '238 Âu cơ Tây Hồ , Hà Nội', 'dangxuong2000@gmail.com', '$2y$10$EB.UtoUqMzn7RAyd9ebp0uttNBDl7MEkWLXuNzHiBx2sRvUcXNteK', '2021-02-16 11:53:54', '2021-02-16 10:53:54'),
(13, 'Đỗ thanh tâm', 'user/602ba47852887-14358776-1069415649832919-7592022384148368580-n-1474534547840.jpg', '', 1, '238 Âu cơ Tây Hồ , Hà Nội', 'dangxuong2000@gmail.com', '$2y$10$wE.tHRQW5cylnl3maZDKbuEBKsxZbn9M0uj5I3CMGXjGmSNeyMusa', '2021-02-16 11:54:48', '2021-02-16 10:54:48'),
(19, 'Nguyễn tấn phát', 'user/602ba5f8536f0-5-mau-dong-ho-deo-tay-nam-nu-dep-gia-re-nhat-tai-tphcm.jpg', '0946829409', 5, '238 Âu cơ Tây Hồ , Hà Nội', 'dangxuong2000@gmail.com', '$2y$10$GK6Rr/B0Y5P0vAHYjwwHHu2kREDHciOJRpJUAAerGkUH6TikLaiUW', '2021-02-16 12:01:12', '2021-02-16 11:01:12');

--
-- Chỉ mục cho các bảng đã đổ
--

--
-- Chỉ mục cho bảng `blog`
--
ALTER TABLE `blog`
  ADD PRIMARY KEY (`id`);

--
-- Chỉ mục cho bảng `buy`
--
ALTER TABLE `buy`
  ADD PRIMARY KEY (`id`),
  ADD KEY `buy-user` (`id-user`),
  ADD KEY `but-pro` (`id-product`);

--
-- Chỉ mục cho bảng `categories`
--
ALTER TABLE `categories`
  ADD PRIMARY KEY (`id`);

--
-- Chỉ mục cho bảng `hometown`
--
ALTER TABLE `hometown`
  ADD PRIMARY KEY (`id`);

--
-- Chỉ mục cho bảng `images`
--
ALTER TABLE `images`
  ADD PRIMARY KEY (`id`),
  ADD KEY `image-pro` (`id_pro`);

--
-- Chỉ mục cho bảng `order`
--
ALTER TABLE `order`
  ADD PRIMARY KEY (`id`),
  ADD KEY `order-user` (`id-user`);

--
-- Chỉ mục cho bảng `order-detail`
--
ALTER TABLE `order-detail`
  ADD PRIMARY KEY (`id`),
  ADD KEY `orderdetail-user` (`order_id`),
  ADD KEY `ord` (`id_pro`);

--
-- Chỉ mục cho bảng `products`
--
ALTER TABLE `products`
  ADD PRIMARY KEY (`id`),
  ADD KEY `pro-cate` (`id_cate`),
  ADD KEY `hometown` (`id_hometown`);

--
-- Chỉ mục cho bảng `role`
--
ALTER TABLE `role`
  ADD PRIMARY KEY (`id`);

--
-- Chỉ mục cho bảng `users`
--
ALTER TABLE `users`
  ADD PRIMARY KEY (`id`),
  ADD KEY `role` (`id_role`);

--
-- AUTO_INCREMENT cho các bảng đã đổ
--

--
-- AUTO_INCREMENT cho bảng `blog`
--
ALTER TABLE `blog`
  MODIFY `id` int(11) NOT NULL AUTO_INCREMENT;

--
-- AUTO_INCREMENT cho bảng `buy`
--
ALTER TABLE `buy`
  MODIFY `id` int(11) NOT NULL AUTO_INCREMENT;

--
-- AUTO_INCREMENT cho bảng `categories`
--
ALTER TABLE `categories`
  MODIFY `id` int(11) NOT NULL AUTO_INCREMENT, AUTO_INCREMENT=38;

--
-- AUTO_INCREMENT cho bảng `hometown`
--
ALTER TABLE `hometown`
  MODIFY `id` int(11) NOT NULL AUTO_INCREMENT, AUTO_INCREMENT=64;

--
-- AUTO_INCREMENT cho bảng `images`
--
ALTER TABLE `images`
  MODIFY `id` int(11) NOT NULL AUTO_INCREMENT, AUTO_INCREMENT=118;

--
-- AUTO_INCREMENT cho bảng `order`
--
ALTER TABLE `order`
  MODIFY `id` int(11) NOT NULL AUTO_INCREMENT;

--
-- AUTO_INCREMENT cho bảng `order-detail`
--
ALTER TABLE `order-detail`
  MODIFY `id` int(11) NOT NULL AUTO_INCREMENT;

--
-- AUTO_INCREMENT cho bảng `products`
--
ALTER TABLE `products`
  MODIFY `id` int(11) NOT NULL AUTO_INCREMENT, AUTO_INCREMENT=105;

--
-- AUTO_INCREMENT cho bảng `role`
--
ALTER TABLE `role`
  MODIFY `id` int(11) NOT NULL AUTO_INCREMENT, AUTO_INCREMENT=9;

--
-- AUTO_INCREMENT cho bảng `users`
--
ALTER TABLE `users`
  MODIFY `id` int(11) NOT NULL AUTO_INCREMENT, AUTO_INCREMENT=22;

--
-- Các ràng buộc cho các bảng đã đổ
--

--
-- Các ràng buộc cho bảng `buy`
--
ALTER TABLE `buy`
  ADD CONSTRAINT `but-pro` FOREIGN KEY (`id-product`) REFERENCES `products` (`id`) ON DELETE CASCADE ON UPDATE CASCADE,
  ADD CONSTRAINT `buy-user` FOREIGN KEY (`id-user`) REFERENCES `users` (`id`) ON DELETE CASCADE ON UPDATE CASCADE;

--
-- Các ràng buộc cho bảng `images`
--
ALTER TABLE `images`
  ADD CONSTRAINT `image-pro` FOREIGN KEY (`id_pro`) REFERENCES `products` (`id`) ON DELETE CASCADE ON UPDATE CASCADE;

--
-- Các ràng buộc cho bảng `order`
--
ALTER TABLE `order`
  ADD CONSTRAINT `order-user` FOREIGN KEY (`id-user`) REFERENCES `users` (`id`) ON DELETE CASCADE ON UPDATE CASCADE;

--
-- Các ràng buộc cho bảng `order-detail`
--
ALTER TABLE `order-detail`
  ADD CONSTRAINT `ord` FOREIGN KEY (`id_pro`) REFERENCES `products` (`id`) ON UPDATE CASCADE,
  ADD CONSTRAINT `orderdetail-user` FOREIGN KEY (`order_id`) REFERENCES `order` (`id`) ON DELETE CASCADE ON UPDATE CASCADE;

--
-- Các ràng buộc cho bảng `products`
--
ALTER TABLE `products`
  ADD CONSTRAINT `hometown` FOREIGN KEY (`id_hometown`) REFERENCES `hometown` (`id`) ON DELETE CASCADE ON UPDATE CASCADE,
  ADD CONSTRAINT `pro-cate` FOREIGN KEY (`id_cate`) REFERENCES `categories` (`id`) ON DELETE CASCADE ON UPDATE CASCADE;

--
-- Các ràng buộc cho bảng `users`
--
ALTER TABLE `users`
  ADD CONSTRAINT `role` FOREIGN KEY (`id_role`) REFERENCES `role` (`id`) ON DELETE CASCADE ON UPDATE CASCADE;
COMMIT;

/*!40101 SET CHARACTER_SET_CLIENT=@OLD_CHARACTER_SET_CLIENT */;
/*!40101 SET CHARACTER_SET_RESULTS=@OLD_CHARACTER_SET_RESULTS */;
/*!40101 SET COLLATION_CONNECTION=@OLD_COLLATION_CONNECTION */;
